dataset,sequence,arm,fej,stride,config_authority,config_sha256,shared_semantic_sha256,source_head,n_valid_runs,n_supplemental_runs,stability_status,ate_rmse_m_mean,ate_rmse_m_std,ate_rmse_m_median,ate_rmse_m_min,ate_rmse_m_max,estimator_wall_s_mean,estimator_wall_s_std,estimator_cpu_s_mean,estimator_cpu_s_std,offline_wall_s_mean,offline_wall_s_std,peak_pss_mib_mean,peak_pss_mib_std,final_pss_mib_mean,final_pss_mib_std,peak_uss_mib_mean,peak_uss_mib_std,final_uss_mib_mean,final_uss_mib_std,backend_rejected,visual_calls,visual_commits,fej_anchor_counters,final_validity,source_historical_new_artifact,source_artifact_ids,stable_window_mean,stable_window_median,stable_window_range
NTU,eee_01,N-LIO,off,1,hku-mars/FAST-LIVO2@0d2c0346107b75b59934975adec9a6eeeb913c64:config/NTU_VIRAL.yaml,c8f94f130e599b928c3f02c3f3d3b2009ae01df76aec32f6ac96b6a987311ef3,76e7349c106135cd6afbc042251d9d81688d5aac5b6fd3976c429616ab764263,0f4881acffd3a6958b1bf67ae07363a84b563d1a,3,0,PROMPT22_CANONICAL,0.030760061559,0.0,0.030760061559,0.030760061559,0.030760061559,44.468526368333286,4.855129559921532,173.40968167899987,18.948263760223377,48.4819,5.091465363396539,2566.6878255208335,1.326565014572566,2566.0133463541665,1.5520218190541664,2564.08203125,1.6554114180138497,2563.4778645833335,1.8986205687338102,0;0;0,0;0;0,0;0;0,NA,VALID_3_REPS,PROMPT22_FINAL_MATRIX.csv,P15-eee_01-N-LIO-r1;P15-eee_01-N-LIO-r2;P15-eee_01-N-LIO-r3,,,
NTU,eee_01,P-LIO,off,1,hku-mars/FAST-LIVO2@0d2c0346107b75b59934975adec9a6eeeb913c64:config/NTU_VIRAL.yaml,c8f94f130e599b928c3f02c3f3d3b2009ae01df76aec32f6ac96b6a987311ef3,76e7349c106135cd6afbc042251d9d81688d5aac5b6fd3976c429616ab764263,00f12463d520d5ac7297f62385f56757d56a029c,3,0,PROMPT22_CANONICAL,0.049511281713,0.0,0.049511281713,0.049511281713,0.049511281713,37.45760376566667,7.549272349642345,140.54660503333338,27.79189481243617,42.0544,8.492950571307166,318.8343098958333,1.3544398105685673,318.0517578125,1.3581961127557216,316.2760416666667,1.5354074796197335,315.5169270833333,1.6916192409839201,0;0;0,0;0;0,0;0;0,NA,VALID_3_REPS,PROMPT22_FINAL_MATRIX.csv,P15-eee_01-P-LIO-r1;P15-eee_01-P-LIO-r2;P15-eee_01-P-LIO-r3,,,
NTU,eee_01,N-LIVO-STRIDE,off,1,hku-mars/FAST-LIVO2@0d2c0346107b75b59934975adec9a6eeeb913c64:config/NTU_VIRAL.yaml,c8f94f130e599b928c3f02c3f3d3b2009ae01df76aec32f6ac96b6a987311ef3,a02de9fde32902582637605791cdf050028efa3b54171d07a92b216f289b5d90,0f4881acffd3a6958b1bf67ae07363a84b563d1a,3,0,PROMPT22_CANONICAL,0.029999763343000002,0.0017163645019898277,0.028794415818,0.028777823814,0.032427050397,77.384922545,8.342204625989913,267.93951650866586,33.14731885911979,82.6844,9.08393580338391,4416.0185546875,16.083661598189327,4416.0185546875,16.083661598189327,4413.489583333333,15.881456665738753,4413.489583333333,15.881456665738753,0;0;0,3983;3983;3983,3982;3982;3982,NA,VALID_3_REPS,PROMPT22_FINAL_MATRIX.csv,P15-eee_01-N-LIVO-r1;P15-eee_01-N-LIVO-r2;P15-eee_01-N-LIVO-r3,,,
NTU,eee_01,P-LIVO-STRIDE,off,1,hku-mars/FAST-LIVO2@0d2c0346107b75b59934975adec9a6eeeb913c64:config/NTU_VIRAL.yaml,c8f94f130e599b928c3f02c3f3d3b2009ae01df76aec32f6ac96b6a987311ef3,a02de9fde32902582637605791cdf050028efa3b54171d07a92b216f289b5d90,00f12463d520d5ac7297f62385f56757d56a029c,3,0,PROMPT22_CANONICAL,0.05210262937466667,9.912033324667652e-05,0.052040236474,0.052025117016,0.052242534634,67.9653116599998,8.052120963853115,224.25137610766666,27.529428510905817,72.4355,8.518879720166652,2090.0211588541665,6.437295772600934,2089.0784505208335,6.184455936247736,2087.8841145833335,6.43130369436877,2086.98828125,6.245410912878602,1;1;1,3979;3979;3979,3977;3977;3977,NA,VALID_3_REPS,PROMPT22_FINAL_MATRIX.csv,P15-eee_01-P-LIVO-r1;P15-eee_01-P-LIVO-r2;P15-eee_01-P-LIVO-r3,,,
NTU,eee_02,N-LIO,off,1,hku-mars/FAST-LIVO2@0d2c0346107b75b59934975adec9a6eeeb913c64:config/NTU_VIRAL.yaml,c8f94f130e599b928c3f02c3f3d3b2009ae01df76aec32f6ac96b6a987311ef3,76e7349c106135cd6afbc042251d9d81688d5aac5b6fd3976c429616ab764263,0f4881acffd3a6958b1bf67ae07363a84b563d1a,3,0,PROMPT22_CANONICAL,0.021901091769,0.0,0.021901091769,0.021901091769,0.021901091769,32.70746114533337,3.6073897559609356,128.98496188133342,14.368266481934802,35.735533333333336,3.9889773002891626,1695.7952473958333,1.6297386394672453,1695.2197265625,1.5584005875107887,1693.1901041666667,1.861819813985302,1692.6380208333333,1.9109784181251055,0;0;0,0;0;0,0;0;0,NA,VALID_3_REPS,PROMPT22_FINAL_MATRIX.csv,P15-eee_02-N-LIO-r1;P15-eee_02-N-LIO-r2;P15-eee_02-N-LIO-r3,,,
NTU,eee_02,P-LIO,off,1,hku-mars/FAST-LIVO2@0d2c0346107b75b59934975adec9a6eeeb913c64:config/NTU_VIRAL.yaml,c8f94f130e599b928c3f02c3f3d3b2009ae01df76aec32f6ac96b6a987311ef3,76e7349c106135cd6afbc042251d9d81688d5aac5b6fd3976c429616ab764263,00f12463d520d5ac7297f62385f56757d56a029c,3,0,PROMPT22_CANONICAL,0.017281438879,0.0,0.017281438879,0.017281438879,0.017281438879,27.38717890166671,4.348109599622402,102.88445873466635,16.173225713647472,30.94,4.722001254411805,274.4137369791667,2.239608125771203,273.5100911458333,1.5297681077849414,272.30078125,2.7438025722231805,271.4440104166667,2.030010973603687,0;0;0,0;0;0,0;0;0,NA,VALID_3_REPS,PROMPT22_FINAL_MATRIX.csv,P15-eee_02-P-LIO-r1;P15-eee_02-P-LIO-r2;P15-eee_02-P-LIO-r3,,,
NTU,eee_02,N-LIVO-STRIDE,off,1,hku-mars/FAST-LIVO2@0d2c0346107b75b59934975adec9a6eeeb913c64:config/NTU_VIRAL.yaml,c8f94f130e599b928c3f02c3f3d3b2009ae01df76aec32f6ac96b6a987311ef3,a02de9fde32902582637605791cdf050028efa3b54171d07a92b216f289b5d90,0f4881acffd3a6958b1bf67ae07363a84b563d1a,3,0,PROMPT22_CANONICAL,0.035967195907666664,8.486894024790642e-05,0.035962174634,0.035865854748,0.036073558341,62.09557478966673,7.502474217884639,218.1983155473325,29.154277707386065,67.4931,9.060809103312282,3091.41796875,1.7084245734932022,3091.41796875,1.7084245734932022,3088.8177083333335,1.4441941525352517,3088.8177083333335,1.4441941525352517,0;0;0,3207;3207;3207,3205;3205;3205,NA,VALID_3_REPS,PROMPT22_FINAL_MATRIX.csv,P15-eee_02-N-LIVO-r1;P15-eee_02-N-LIVO-r2;P15-eee_02-N-LIVO-r3,,,
NTU,eee_02,P-LIVO-STRIDE,off,1,hku-mars/FAST-LIVO2@0d2c0346107b75b59934975adec9a6eeeb913c64:config/NTU_VIRAL.yaml,c8f94f130e599b928c3f02c3f3d3b2009ae01df76aec32f6ac96b6a987311ef3,a02de9fde32902582637605791cdf050028efa3b54171d07a92b216f289b5d90,00f12463d520d5ac7297f62385f56757d56a029c,3,0,PROMPT22_CANONICAL,0.027540862083333333,0.0001674286999523751,0.027535443128,0.027338567828,0.027748575294,55.331914521333324,7.801907237940007,187.19634383766677,26.498673559393293,60.26303333333333,9.589977294492877,1677.6627604166667,22.743455809613277,1677.6627604166667,22.743455809613277,1675.5,22.337415103932475,1675.5,22.337415103932475,0;0;0,3202;3202;3202,3200;3200;3200,NA,VALID_3_REPS,PROMPT22_FINAL_MATRIX.csv,P15-eee_02-P-LIVO-r1;P15-eee_02-P-LIVO-r2;P15-eee_02-P-LIVO-r3,,,
NTU,eee_03,N-LIO,off,1,hku-mars/FAST-LIVO2@0d2c0346107b75b59934975adec9a6eeeb913c64:config/NTU_VIRAL.yaml,c8f94f130e599b928c3f02c3f3d3b2009ae01df76aec32f6ac96b6a987311ef3,76e7349c106135cd6afbc042251d9d81688d5aac5b6fd3976c429616ab764263,0f4881acffd3a6958b1bf67ae07363a84b563d1a,3,0,PROMPT22_CANONICAL,0.031571706463,0.0,0.031571706463,0.031571706463,0.031571706463,20.305917121333323,3.201250382462961,76.95419006200007,10.293039822950663,22.344666666666665,3.464977553879518,1311.810546875,1.450301733083171,1311.810546875,1.450301733083171,1309.234375,1.8236122184931478,1309.234375,1.8236122184931478,0;0;0,0;0;0,0;0;0,NA,VALID_3_REPS,PROMPT22_FINAL_MATRIX.csv,P15-eee_03-N-LIO-r1;P15-eee_03-N-LIO-r2;P15-eee_03-N-LIO-r3,,,
NTU,eee_03,P-LIO,off,1,hku-mars/FAST-LIVO2@0d2c0346107b75b59934975adec9a6eeeb913c64:config/NTU_VIRAL.yaml,c8f94f130e599b928c3f02c3f3d3b2009ae01df76aec32f6ac96b6a987311ef3,76e7349c106135cd6afbc042251d9d81688d5aac5b6fd3976c429616ab764263,00f12463d520d5ac7297f62385f56757d56a029c,3,0,PROMPT22_CANONICAL,0.029984326739,0.0,0.029984326739,0.029984326739,0.029984326739,17.292184738333344,4.313861745331321,64.68930901333337,15.692880750285589,19.5259,4.741456842223355,229.94791666666666,1.5889257748345218,229.6484375,1.1943198343575765,227.31770833333334,1.9034685921250702,227.04166666666666,1.5254805122274633,0;0;0,0;0;0,0;0;0,NA,VALID_3_REPS,PROMPT22_FINAL_MATRIX.csv,P15-eee_03-P-LIO-r1;P15-eee_03-P-LIO-r2;P15-eee_03-P-LIO-r3,,,
NTU,eee_03,N-LIVO-STRIDE,off,1,hku-mars/FAST-LIVO2@0d2c0346107b75b59934975adec9a6eeeb913c64:config/NTU_VIRAL.yaml,c8f94f130e599b928c3f02c3f3d3b2009ae01df76aec32f6ac96b6a987311ef3,a02de9fde32902582637605791cdf050028efa3b54171d07a92b216f289b5d90,0f4881acffd3a6958b1bf67ae07363a84b563d1a,3,0,PROMPT22_CANONICAL,0.03021359209666667,2.468115530203961e-05,0.030212569936,0.030183888023,0.030244318331,34.260877416666645,4.133708462719124,120.04807488999978,16.543094029066488,36.9672,4.110423098254808,2203.2805989583335,1.6952874357106162,2203.2805989583335,1.6952874357106162,2201.2174479166665,2.117308415725103,2201.2174479166665,2.117308415725103,0;0;0,1811;1811;1811,1809;1809;1809,NA,VALID_3_REPS,PROMPT22_FINAL_MATRIX.csv,P15-eee_03-N-LIVO-r1;P15-eee_03-N-LIVO-r2;P15-eee_03-N-LIVO-r3,,,
NTU,eee_03,P-LIVO-STRIDE,off,1,hku-mars/FAST-LIVO2@0d2c0346107b75b59934975adec9a6eeeb913c64:config/NTU_VIRAL.yaml,c8f94f130e599b928c3f02c3f3d3b2009ae01df76aec32f6ac96b6a987311ef3,a02de9fde32902582637605791cdf050028efa3b54171d07a92b216f289b5d90,00f12463d520d5ac7297f62385f56757d56a029c,3,0,PROMPT22_CANONICAL,0.029665227352,0.0,0.029665227352,0.029665227352,0.029665227352,30.75892082266663,3.848485503144259,105.29953406999995,13.14707092251966,32.98246666666667,4.109252280187019,1049.1598307291667,4.235262081479407,1049.1598307291667,4.235262081479407,1046.5729166666667,4.630273876434301,1046.5729166666667,4.630273876434301,1;1;1,1806;1806;1806,1804;1804;1804,NA,VALID_3_REPS,PROMPT22_FINAL_MATRIX.csv,P15-eee_03-P-LIVO-r1;P15-eee_03-P-LIVO-r2;P15-eee_03-P-LIVO-r3,,,
NTU,nya_01,N-LIO,off,1,hku-mars/FAST-LIVO2@0d2c0346107b75b59934975adec9a6eeeb913c64:config/NTU_VIRAL.yaml,c8f94f130e599b928c3f02c3f3d3b2009ae01df76aec32f6ac96b6a987311ef3,76e7349c106135cd6afbc042251d9d81688d5aac5b6fd3976c429616ab764263,0f4881acffd3a6958b1bf67ae07363a84b563d1a,3,0,PROMPT22_CANONICAL,0.027764369868,0.0,0.027764369868,0.027764369868,0.027764369868,34.63314997233332,4.295593946088579,139.60949370566684,16.993217343528173,38.38056666666667,4.7195295615370645,556.978515625,1.0120090377464368,556.978515625,1.0120090377464368,554.3424479166666,1.2313895088934481,554.3424479166666,1.2313895088934481,0;0;0,0;0;0,0;0;0,NA,VALID_3_REPS,PROMPT22_FINAL_MATRIX.csv,P15-nya_01-N-LIO-r1;P15-nya_01-N-LIO-r2;P15-nya_01-N-LIO-r3,,,
NTU,nya_01,P-LIO,off,1,hku-mars/FAST-LIVO2@0d2c0346107b75b59934975adec9a6eeeb913c64:config/NTU_VIRAL.yaml,c8f94f130e599b928c3f02c3f3d3b2009ae01df76aec32f6ac96b6a987311ef3,76e7349c106135cd6afbc042251d9d81688d5aac5b6fd3976c429616ab764263,00f12463d520d5ac7297f62385f56757d56a029c,3,0,PROMPT22_CANONICAL,0.023256332556,0.0,0.023256332556,0.023256332556,0.023256332556,24.317505264000015,2.808189675969531,91.7726129196668,10.374827024535216,29.21966666666667,3.394964084575204,246.88802083333334,1.6798805934110412,246.46875,1.500332053836485,244.26302083333334,2.0390533538002624,243.890625,1.831713336399774,0;0;0,0;0;0,0;0;0,NA,VALID_3_REPS,PROMPT22_FINAL_MATRIX.csv,P15-nya_01-P-LIO-r1;P15-nya_01-P-LIO-r2;P15-nya_01-P-LIO-r3,,,
NTU,nya_01,N-LIVO-STRIDE,off,1,hku-mars/FAST-LIVO2@0d2c0346107b75b59934975adec9a6eeeb913c64:config/NTU_VIRAL.yaml,c8f94f130e599b928c3f02c3f3d3b2009ae01df76aec32f6ac96b6a987311ef3,a02de9fde32902582637605791cdf050028efa3b54171d07a92b216f289b5d90,0f4881acffd3a6958b1bf67ae07363a84b563d1a,3,0,PROMPT22_CANONICAL,0.037922360253666666,5.961757609309617e-05,0.037964516246,0.037838048269,0.037964516246,71.83591488799993,11.184240930201673,260.064010799,42.25701136602303,79.55576666666667,13.373893518426941,2285.9485677083335,2.499160668091477,2285.9485677083335,2.499160668091477,2283.2825520833335,2.598718911191374,2283.2825520833335,2.598718911191374,0;0;0,3946;3946;3946,3944;3944;3944,NA,VALID_3_REPS,PROMPT22_FINAL_MATRIX.csv,P15-nya_01-N-LIVO-r1;P15-nya_01-N-LIVO-r2;P15-nya_01-N-LIVO-r3,,,
NTU,nya_01,P-LIVO-STRIDE,off,1,hku-mars/FAST-LIVO2@0d2c0346107b75b59934975adec9a6eeeb913c64:config/NTU_VIRAL.yaml,c8f94f130e599b928c3f02c3f3d3b2009ae01df76aec32f6ac96b6a987311ef3,a02de9fde32902582637605791cdf050028efa3b54171d07a92b216f289b5d90,00f12463d520d5ac7297f62385f56757d56a029c,3,0,PROMPT22_CANONICAL,0.038840353663,7.505105510505377e-06,0.038835046752,0.038835046752,0.038850967485,56.10569162800012,6.4671576215413245,197.98717407233394,24.25268673073442,61.9444,5.2493588205291015,2022.5680338541667,1.4572154528939385,2022.0354817708333,1.2026409369886155,2019.87890625,1.7031697958558403,2019.3697916666667,1.5862848979804238,1;1;1,3941;3941;3941,3939;3939;3939,NA,VALID_3_REPS,PROMPT22_FINAL_MATRIX.csv,P15-nya_01-P-LIVO-r1;P15-nya_01-P-LIVO-r2;P15-nya_01-P-LIVO-r3,,,
NTU,nya_02,N-LIO,off,1,hku-mars/FAST-LIVO2@0d2c0346107b75b59934975adec9a6eeeb913c64:config/NTU_VIRAL.yaml,c8f94f130e599b928c3f02c3f3d3b2009ae01df76aec32f6ac96b6a987311ef3,76e7349c106135cd6afbc042251d9d81688d5aac5b6fd3976c429616ab764263,0f4881acffd3a6958b1bf67ae07363a84b563d1a,3,0,PROMPT22_CANONICAL,0.029233703789,0.0,0.029233703789,0.029233703789,0.029233703789,38.009364376666696,5.863492831859741,153.44850158433283,22.651434693986626,42.09256666666666,6.150583367634505,542.9781901041666,1.2680736657908669,542.8323567708334,1.309294727649758,540.6184895833334,1.6763269839497472,540.49609375,1.6770873770655184,0;0;0,0;0;0,0;0;0,NA,VALID_3_REPS,PROMPT22_FINAL_MATRIX.csv,P15-nya_02-N-LIO-r1;P15-nya_02-N-LIO-r2;P15-nya_02-N-LIO-r3,,,
NTU,nya_02,P-LIO,off,1,hku-mars/FAST-LIVO2@0d2c0346107b75b59934975adec9a6eeeb913c64:config/NTU_VIRAL.yaml,c8f94f130e599b928c3f02c3f3d3b2009ae01df76aec32f6ac96b6a987311ef3,76e7349c106135cd6afbc042251d9d81688d5aac5b6fd3976c429616ab764263,00f12463d520d5ac7297f62385f56757d56a029c,3,0,PROMPT22_CANONICAL,0.029556829655,0.0,0.029556829655,0.029556829655,0.029556829655,27.322735008333286,3.593569644265689,103.31508910566708,13.474285884834211,32.56773333333334,4.261796192008977,259.6025390625,1.141865095357632,258.9104817708333,0.8577537579816233,257.1106770833333,1.7174010252317349,256.4583333333333,1.5147533379056077,0;0;0,0;0;0,0;0;0,NA,VALID_3_REPS,PROMPT22_FINAL_MATRIX.csv,P15-nya_02-P-LIO-r1;P15-nya_02-P-LIO-r2;P15-nya_02-P-LIO-r3,,,
NTU,nya_02,N-LIVO-STRIDE,off,1,hku-mars/FAST-LIVO2@0d2c0346107b75b59934975adec9a6eeeb913c64:config/NTU_VIRAL.yaml,c8f94f130e599b928c3f02c3f3d3b2009ae01df76aec32f6ac96b6a987311ef3,a02de9fde32902582637605791cdf050028efa3b54171d07a92b216f289b5d90,0f4881acffd3a6958b1bf67ae07363a84b563d1a,3,0,PROMPT22_CANONICAL,0.036970454491333335,8.832376522878498e-07,0.036969829948,0.036969829948,0.036971703578,74.72763463366671,11.834343210148678,275.3034525509989,45.04468731599304,83.08073333333334,14.370216962020981,2400.3138020833335,19.452877954482954,2400.3138020833335,19.452877954482954,2398.2890625,18.9698908974408,2398.2890625,18.9698908974408,0;0;0,4283;4283;4283,4282;4282;4282,NA,VALID_3_REPS,PROMPT22_FINAL_MATRIX.csv,P15-nya_02-N-LIVO-r1;P15-nya_02-N-LIVO-r2;P15-nya_02-N-LIVO-r3,,,
NTU,nya_02,P-LIVO-STRIDE,off,1,hku-mars/FAST-LIVO2@0d2c0346107b75b59934975adec9a6eeeb913c64:config/NTU_VIRAL.yaml,c8f94f130e599b928c3f02c3f3d3b2009ae01df76aec32f6ac96b6a987311ef3,a02de9fde32902582637605791cdf050028efa3b54171d07a92b216f289b5d90,00f12463d520d5ac7297f62385f56757d56a029c,3,0,PROMPT22_CANONICAL,0.046925802685,5.23620109226912e-05,0.046962828218,0.046851751619,0.046962828218,60.565357472333396,8.904535363386666,214.48706974133398,30.35920724263638,65.53676666666667,9.411838686935134,2168.5970052083335,3.3315681552110408,2168.5970052083335,3.3315681552110408,2166.00390625,3.649081514359127,2166.00390625,3.649081514359127,0;0;0,4279;4279;4279,4277;4277;4277,NA,VALID_3_REPS,PROMPT22_FINAL_MATRIX.csv,P15-nya_02-P-LIVO-r1;P15-nya_02-P-LIVO-r2;P15-nya_02-P-LIVO-r3,,,
NTU,nya_03,N-LIO,off,1,hku-mars/FAST-LIVO2@0d2c0346107b75b59934975adec9a6eeeb913c64:config/NTU_VIRAL.yaml,c8f94f130e599b928c3f02c3f3d3b2009ae01df76aec32f6ac96b6a987311ef3,76e7349c106135cd6afbc042251d9d81688d5aac5b6fd3976c429616ab764263,0f4881acffd3a6958b1bf67ae07363a84b563d1a,3,0,PROMPT22_CANONICAL,0.028883185208,0.0,0.028883185208,0.028883185208,0.028883185208,37.198804415333306,4.9719280264456485,150.34233159400006,19.88446597285184,41.10986666666667,5.479792293103412,627.560546875,1.408270394688922,627.560546875,1.408270394688922,624.63671875,1.4928213640620234,624.63671875,1.4928213640620234,0;0;0,0;0;0,0;0;0,NA,VALID_3_REPS,PROMPT22_FINAL_MATRIX.csv,P15-nya_03-N-LIO-r1;P15-nya_03-N-LIO-r2;P15-nya_03-N-LIO-r3,,,
NTU,nya_03,P-LIO,off,1,hku-mars/FAST-LIVO2@0d2c0346107b75b59934975adec9a6eeeb913c64:config/NTU_VIRAL.yaml,c8f94f130e599b928c3f02c3f3d3b2009ae01df76aec32f6ac96b6a987311ef3,76e7349c106135cd6afbc042251d9d81688d5aac5b6fd3976c429616ab764263,00f12463d520d5ac7297f62385f56757d56a029c,3,0,PROMPT22_CANONICAL,0.02575712856,0.0,0.02575712856,0.02575712856,0.02575712856,26.786831535333356,3.787457853625714,100.99080497366651,13.755822297953774,33.00213333333333,2.5330288224881206,260.7945963541667,18.092428864492714,260.1357421875,17.61150261730934,258.3203125,17.36526941302983,257.6848958333333,16.89694221517234,0;0;0,0;0;0,0;0;0,NA,VALID_3_REPS,PROMPT22_FINAL_MATRIX.csv,P15-nya_03-P-LIO-r1;P15-nya_03-P-LIO-r2;P15-nya_03-P-LIO-r3,,,
NTU,nya_03,N-LIVO-STRIDE,off,1,hku-mars/FAST-LIVO2@0d2c0346107b75b59934975adec9a6eeeb913c64:config/NTU_VIRAL.yaml,c8f94f130e599b928c3f02c3f3d3b2009ae01df76aec32f6ac96b6a987311ef3,a02de9fde32902582637605791cdf050028efa3b54171d07a92b216f289b5d90,0f4881acffd3a6958b1bf67ae07363a84b563d1a,3,0,PROMPT22_CANONICAL,0.03333704204033333,7.284304710670102e-06,0.033331916403,0.033331866156,0.033347343562,75.02299623666649,11.582469853647739,275.3187856586669,43.29100265453615,83.29213333333334,14.96559856589624,2308.3854166666665,24.542142296733505,2308.3854166666665,24.542142296733505,2305.9036458333335,23.865193233081108,2305.9036458333335,23.865193233081108,0;0;0,4091;4091;4091,4089;4089;4089,NA,VALID_3_REPS,PROMPT22_FINAL_MATRIX.csv,P15-nya_03-N-LIVO-r1;P15-nya_03-N-LIVO-r2;P15-nya_03-N-LIVO-r3,,,
NTU,nya_03,P-LIVO-STRIDE,off,1,hku-mars/FAST-LIVO2@0d2c0346107b75b59934975adec9a6eeeb913c64:config/NTU_VIRAL.yaml,c8f94f130e599b928c3f02c3f3d3b2009ae01df76aec32f6ac96b6a987311ef3,a02de9fde32902582637605791cdf050028efa3b54171d07a92b216f289b5d90,00f12463d520d5ac7297f62385f56757d56a029c,3,0,PROMPT22_CANONICAL,0.03192364933966667,2.09542362743942e-05,0.031920364763,0.031899786164,0.031950797092,58.86911264800007,9.091254825853952,213.586349258333,31.141975935568112,63.9899,9.74612167206354,2104.7867838541665,2.8796973439121554,2104.2386067708335,3.591168022502152,2101.8059895833335,3.031787453248553,2101.28125,3.7140461212126583,1;1;1,4086;4086;4086,4084;4084;4084,NA,VALID_3_REPS,PROMPT22_FINAL_MATRIX.csv,P15-nya_03-P-LIVO-r1;P15-nya_03-P-LIVO-r2;P15-nya_03-P-LIVO-r3,,,
NTU,sbs_01,N-LIO,off,1,hku-mars/FAST-LIVO2@0d2c0346107b75b59934975adec9a6eeeb913c64:config/NTU_VIRAL.yaml,c8f94f130e599b928c3f02c3f3d3b2009ae01df76aec32f6ac96b6a987311ef3,76e7349c106135cd6afbc042251d9d81688d5aac5b6fd3976c429616ab764263,0f4881acffd3a6958b1bf67ae07363a84b563d1a,3,0,PROMPT22_CANONICAL,0.0277659364,0.0,0.0277659364,0.0277659364,0.0277659364,34.43359882400001,5.345215283540224,137.01405566566672,20.052326322174967,39.72063333333333,7.151186898845688,1828.4127604166667,1.6212212733267262,1828.2473958333333,1.7999320005594412,1825.4765625,1.6916392858134064,1825.3346354166667,1.8528485702927167,0;0;0,0;0;0,0;0;0,NA,VALID_3_REPS,PROMPT22_FINAL_MATRIX.csv,P15-sbs_01-N-LIO-r1;P15-sbs_01-N-LIO-r2;P15-sbs_01-N-LIO-r3,,,
NTU,sbs_01,P-LIO,off,1,hku-mars/FAST-LIVO2@0d2c0346107b75b59934975adec9a6eeeb913c64:config/NTU_VIRAL.yaml,c8f94f130e599b928c3f02c3f3d3b2009ae01df76aec32f6ac96b6a987311ef3,76e7349c106135cd6afbc042251d9d81688d5aac5b6fd3976c429616ab764263,00f12463d520d5ac7297f62385f56757d56a029c,3,0,PROMPT22_CANONICAL,0.025729330675,0.0,0.025729330675,0.025729330675,0.025729330675,23.961580546666646,3.6813260285509877,90.35615508866681,13.693320025667063,27.8357,4.208527783758434,282.4303385416667,1.235162883249855,281.0514322916667,0.8255353378802656,279.4114583333333,1.3156635567720403,278.1028645833333,0.8928855479732629,0;0;0,0;0;0,0;0;0,NA,VALID_3_REPS,PROMPT22_FINAL_MATRIX.csv,P15-sbs_01-P-LIO-r1;P15-sbs_01-P-LIO-r2;P15-sbs_01-P-LIO-r3,,,
NTU,sbs_01,N-LIVO-STRIDE,off,1,hku-mars/FAST-LIVO2@0d2c0346107b75b59934975adec9a6eeeb913c64:config/NTU_VIRAL.yaml,c8f94f130e599b928c3f02c3f3d3b2009ae01df76aec32f6ac96b6a987311ef3,a02de9fde32902582637605791cdf050028efa3b54171d07a92b216f289b5d90,0f4881acffd3a6958b1bf67ae07363a84b563d1a,3,0,PROMPT22_CANONICAL,0.028969445734,4.584171588897735e-05,0.028938280152,0.028935797191,0.029034259859,61.12733864300001,8.8033567320768,222.2209225453327,34.46669558157708,66.73206666666667,9.68026744029087,3379.1022135416665,1.40365028734509,3379.1022135416665,1.40365028734509,3376.59765625,1.5491749526293557,3376.59765625,1.5491749526293557,0;0;0,3538;3538;3538,3537;3537;3537,NA,VALID_3_REPS,PROMPT22_FINAL_MATRIX.csv,P15-sbs_01-N-LIVO-r1;P15-sbs_01-N-LIVO-r2;P15-sbs_01-N-LIVO-r3,,,
NTU,sbs_01,P-LIVO-STRIDE,off,1,hku-mars/FAST-LIVO2@0d2c0346107b75b59934975adec9a6eeeb913c64:config/NTU_VIRAL.yaml,c8f94f130e599b928c3f02c3f3d3b2009ae01df76aec32f6ac96b6a987311ef3,a02de9fde32902582637605791cdf050028efa3b54171d07a92b216f289b5d90,00f12463d520d5ac7297f62385f56757d56a029c,3,0,PROMPT22_CANONICAL,0.029509390520333335,2.84334747978882e-09,0.029509392195,0.029509386517,0.029509392849,50.62217764366673,7.555613163276504,175.40762540899988,25.86301430458929,54.9468,8.160608924992465,1866.9697265625,5.251035497361988,1866.9697265625,5.251035497361988,1864.5872395833333,5.074612500493504,1864.5872395833333,5.074612500493504,0;0;0,3534;3534;3534,3532;3532;3532,NA,VALID_3_REPS,PROMPT22_FINAL_MATRIX.csv,P15-sbs_01-P-LIVO-r1;P15-sbs_01-P-LIVO-r2;P15-sbs_01-P-LIVO-r3,,,
NTU,sbs_02,N-LIO,off,1,hku-mars/FAST-LIVO2@0d2c0346107b75b59934975adec9a6eeeb913c64:config/NTU_VIRAL.yaml,c8f94f130e599b928c3f02c3f3d3b2009ae01df76aec32f6ac96b6a987311ef3,76e7349c106135cd6afbc042251d9d81688d5aac5b6fd3976c429616ab764263,0f4881acffd3a6958b1bf67ae07363a84b563d1a,3,0,PROMPT22_CANONICAL,0.026968429626,0.0,0.026968429626,0.026968429626,0.026968429626,41.782725508666644,12.386176082538512,166.06218556066705,46.44948243306554,47.97506666666667,15.841961512458685,1787.8180338541667,0.9326904126103592,1786.7841796875,1.6703446178482673,1784.8997395833333,0.9716351386528436,1783.9127604166667,1.6898383121027725,0;0;0,0;0;0,0;0;0,NA,VALID_3_REPS,PROMPT22_FINAL_MATRIX.csv,P15-sbs_02-N-LIO-r1;P15-sbs_02-N-LIO-r2;P15-sbs_02-N-LIO-r3,,,
NTU,sbs_02,P-LIO,off,1,hku-mars/FAST-LIVO2@0d2c0346107b75b59934975adec9a6eeeb913c64:config/NTU_VIRAL.yaml,c8f94f130e599b928c3f02c3f3d3b2009ae01df76aec32f6ac96b6a987311ef3,76e7349c106135cd6afbc042251d9d81688d5aac5b6fd3976c429616ab764263,00f12463d520d5ac7297f62385f56757d56a029c,3,0,PROMPT22_CANONICAL,0.024137094563,0.0,0.024137094563,0.024137094563,0.024137094563,24.91761807566662,3.8619041214301792,93.82054283333365,14.629025334218356,29.026266666666668,4.3920737048561564,283.9560546875,0.5765811134924539,283.5537109375,0.6580514553864294,280.9322916666667,0.5585193836472663,280.5533854166667,0.711569182890835,0;0;0,0;0;0,0;0;0,NA,VALID_3_REPS,PROMPT22_FINAL_MATRIX.csv,P15-sbs_02-P-LIO-r1;P15-sbs_02-P-LIO-r2;P15-sbs_02-P-LIO-r3,,,
NTU,sbs_02,N-LIVO-STRIDE,off,1,hku-mars/FAST-LIVO2@0d2c0346107b75b59934975adec9a6eeeb913c64:config/NTU_VIRAL.yaml,c8f94f130e599b928c3f02c3f3d3b2009ae01df76aec32f6ac96b6a987311ef3,a02de9fde32902582637605791cdf050028efa3b54171d07a92b216f289b5d90,0f4881acffd3a6958b1bf67ae07363a84b563d1a,3,0,PROMPT22_CANONICAL,0.028705831946333332,1.8302242500955594e-05,0.02871816332,0.028679958113,0.028719374406,69.31925079800001,8.501024966297859,246.80344119733334,33.08439438354722,74.8595,9.44897489995608,3475.8424479166665,2.3890055349491752,3475.8424479166665,2.3890055349491752,3472.8450520833335,2.488479177872822,3472.8450520833335,2.488479177872822,0;0;0,3728;3728;3728,3727;3727;3727,NA,VALID_3_REPS,PROMPT22_FINAL_MATRIX.csv,P15-sbs_02-N-LIVO-r1;P15-sbs_02-N-LIVO-r2;P15-sbs_02-N-LIVO-r3,,,
NTU,sbs_02,P-LIVO-STRIDE,off,1,hku-mars/FAST-LIVO2@0d2c0346107b75b59934975adec9a6eeeb913c64:config/NTU_VIRAL.yaml,c8f94f130e599b928c3f02c3f3d3b2009ae01df76aec32f6ac96b6a987311ef3,a02de9fde32902582637605791cdf050028efa3b54171d07a92b216f289b5d90,00f12463d520d5ac7297f62385f56757d56a029c,3,0,PROMPT22_CANONICAL,0.028533867426,6.501818166235642e-06,0.028538462468,0.028524672467,0.028538467343,56.83482778266668,9.61621184112596,197.1137852413334,33.249172824594304,62.5324,8.600934775166401,1979.5452473958333,3.0569771859992585,1979.4501953125,2.9228488978611584,1976.5377604166667,3.0716827501444097,1976.4661458333333,2.97047361788317,0;0;0,3724;3724;3724,3722;3722;3722,NA,VALID_3_REPS,PROMPT22_FINAL_MATRIX.csv,P15-sbs_02-P-LIVO-r1;P15-sbs_02-P-LIVO-r2;P15-sbs_02-P-LIVO-r3,,,
NTU,sbs_03,N-LIO,off,1,hku-mars/FAST-LIVO2@0d2c0346107b75b59934975adec9a6eeeb913c64:config/NTU_VIRAL.yaml,c8f94f130e599b928c3f02c3f3d3b2009ae01df76aec32f6ac96b6a987311ef3,76e7349c106135cd6afbc042251d9d81688d5aac5b6fd3976c429616ab764263,0f4881acffd3a6958b1bf67ae07363a84b563d1a,3,0,PROMPT22_CANONICAL,0.033383139769,0.0,0.033383139769,0.033383139769,0.033383139769,33.0967015023333,4.1400552428640545,133.55659105400005,16.164950201280938,36.90886666666667,4.467765795363745,1787.8017578125,1.0799795224167532,1787.8017578125,1.0799795224167532,1785.390625,1.6639555178834533,1785.390625,1.6639555178834533,0;0;0,0;0;0,0;0;0,NA,VALID_3_REPS,PROMPT22_FINAL_MATRIX.csv,P15-sbs_03-N-LIO-r1;P15-sbs_03-N-LIO-r2;P15-sbs_03-N-LIO-r3,,,
NTU,sbs_03,P-LIO,off,1,hku-mars/FAST-LIVO2@0d2c0346107b75b59934975adec9a6eeeb913c64:config/NTU_VIRAL.yaml,c8f94f130e599b928c3f02c3f3d3b2009ae01df76aec32f6ac96b6a987311ef3,76e7349c106135cd6afbc042251d9d81688d5aac5b6fd3976c429616ab764263,00f12463d520d5ac7297f62385f56757d56a029c,3,0,PROMPT22_CANONICAL,0.025554175775,0.0,0.025554175775,0.025554175775,0.025554175775,24.790498697666667,4.424269403197476,93.2867343436668,16.49519701212959,28.903366666666667,5.256886417093509,306.5843098958333,0.8783245808637606,305.5621744791667,0.40997975906816986,303.58984375,0.857247603540565,302.6145833333333,0.41483974482791414,0;0;0,0;0;0,0;0;0,NA,VALID_3_REPS,PROMPT22_FINAL_MATRIX.csv,P15-sbs_03-P-LIO-r1;P15-sbs_03-P-LIO-r2;P15-sbs_03-P-LIO-r3,,,
NTU,sbs_03,N-LIVO-STRIDE,off,1,hku-mars/FAST-LIVO2@0d2c0346107b75b59934975adec9a6eeeb913c64:config/NTU_VIRAL.yaml,c8f94f130e599b928c3f02c3f3d3b2009ae01df76aec32f6ac96b6a987311ef3,a02de9fde32902582637605791cdf050028efa3b54171d07a92b216f289b5d90,0f4881acffd3a6958b1bf67ae07363a84b563d1a,3,0,PROMPT22_CANONICAL,0.03116380191066667,1.223072150058381e-05,0.031160892349,0.031150490627,0.031180022756,66.70733335066666,8.67446642913723,239.79411373666693,33.83169265314818,74.03273333333334,10.86428013456125,3496.4895833333335,22.797273535495304,3496.4895833333335,22.797273535495304,3494.1002604166665,22.01020676403995,3494.1002604166665,22.01020676403995,0;0;0,3890;3890;3890,3888;3888;3888,NA,VALID_3_REPS,PROMPT22_FINAL_MATRIX.csv,P15-sbs_03-N-LIVO-r1;P15-sbs_03-N-LIVO-r2;P15-sbs_03-N-LIVO-r3,,,
NTU,sbs_03,P-LIVO-STRIDE,off,1,hku-mars/FAST-LIVO2@0d2c0346107b75b59934975adec9a6eeeb913c64:config/NTU_VIRAL.yaml,c8f94f130e599b928c3f02c3f3d3b2009ae01df76aec32f6ac96b6a987311ef3,a02de9fde32902582637605791cdf050028efa3b54171d07a92b216f289b5d90,00f12463d520d5ac7297f62385f56757d56a029c,3,0,PROMPT22_CANONICAL,0.028207537685,2.8437145706218692e-05,0.028222274762,0.028167763579,0.028232574714,52.519498879333305,7.112996249992707,181.76142718533322,24.099366496292056,56.80853333333334,7.555262919022447,2056.7347005208335,2.979963822852823,2056.7347005208335,2.979963822852823,2053.8059895833335,3.0101711080645215,2053.8059895833335,3.0101711080645215,0;0;0,3885;3885;3885,3883;3883;3883,NA,VALID_3_REPS,PROMPT22_FINAL_MATRIX.csv,P15-sbs_03-P-LIVO-r1;P15-sbs_03-P-LIVO-r2;P15-sbs_03-P-LIVO-r3,,,
OXFORD,Church_05,N-LIO,off,1,ori-drs/FAST-LIVO2@f2c9abb72f82359bcb9190e31b8faa6b6b7b9a64:config/oxford_spires.yaml,1d49d420012c8d984cc354a88ee82c8bb59ebd523cc696b504cca8e737e60c7e,013beef79fcb75fdd6680d3d107a235e9904afbac1d6cb17e57790c9c8e67420,ea7702b871bff8c6e6c2d5a2bdc3e6d29d670491,3,0,PROMPT22_CANONICAL,0.1678,0.0,0.1678,0.1678,0.1678,111.577683916,2.954499342657395,377.8640560803333,9.376320865086562,127.80999999999999,3.3482085757411597,975.5546875,1.0710289406640274,975.4895833333334,0.9827830310386662,972.7994791666666,1.6970167525071551,972.7578125,1.6386924381655765,0;0;0,0;0;0,0;0;0,NA,VALID_3_REPS,PROMPT22_FINAL_MATRIX.csv,P22-Church_05-N-LIO-r1-retry_cpu_affinity;P22-Church_05-N-LIO-r2-retry_cpu_affinity;P22-Church_05-N-LIO-r3-retry_cpu_affinity,,,
OXFORD,Church_05,P-LIO,off,1,ori-drs/FAST-LIVO2@f2c9abb72f82359bcb9190e31b8faa6b6b7b9a64:config/oxford_spires.yaml,1d49d420012c8d984cc354a88ee82c8bb59ebd523cc696b504cca8e737e60c7e,013beef79fcb75fdd6680d3d107a235e9904afbac1d6cb17e57790c9c8e67420,cc3814ad80dc0ee7b2ffb84750e35ba4cb3f1449,3,0,PROMPT22_CANONICAL,0.244,0.0,0.244,0.244,0.244,109.9790140066666,4.3427721472524095,380.4756772336665,14.49337275877149,127.82466666666667,4.957542827741272,803.5693359375,0.06800035932857344,799.5322265625,0.057426525109332646,800.7799479166666,0.6863473805439297,796.8059895833334,0.6873248869472237,0;0;0,0;0;0,0;0;0,NA,VALID_3_REPS,PROMPT22_FINAL_MATRIX.csv,P22-Church_05-P-LIO-r1-retry_cpu_affinity;P22-Church_05-P-LIO-r2-retry_cpu_affinity;P22-Church_05-P-LIO-r3-retry_cpu_affinity,,,
OXFORD,Church_05,N-LIVO-STRIDE,off,1,ori-drs/FAST-LIVO2@f2c9abb72f82359bcb9190e31b8faa6b6b7b9a64:config/oxford_spires.yaml,1d49d420012c8d984cc354a88ee82c8bb59ebd523cc696b504cca8e737e60c7e,860ff168e9b2e89f291e4aeb0d741ce822e18ff2bc6cd57a37f7d58da4a7ddc0,ea7702b871bff8c6e6c2d5a2bdc3e6d29d670491,3,0,PROMPT22_CANONICAL,0.14293333333333333,0.0024458581770458866,0.1438,0.1396,0.1454,125.90937998599979,0.6469313527309343,321.9967125033332,2.0288429694617003,182.987,0.5843269632662794,8046.028971354167,13.627331743190902,8044.709309895833,14.30680305860339,8042.83984375,13.605733986612156,8041.53515625,14.285472955027709,0;0;0,3960;3960;3960,3959;3959;3959,NA,VALID_3_REPS,PROMPT22_FINAL_MATRIX.csv,P22-Church_05-N-LIVO-STRIDE-r1-retry_cpu_affinity;P22-Church_05-N-LIVO-STRIDE-r2-retry_cpu_affinity;P22-Church_05-N-LIVO-STRIDE-r3-retry_cpu_affinity,,,
OXFORD,Church_05,P-LIVO-STRIDE,off,1,ori-drs/FAST-LIVO2@f2c9abb72f82359bcb9190e31b8faa6b6b7b9a64:config/oxford_spires.yaml,1d49d420012c8d984cc354a88ee82c8bb59ebd523cc696b504cca8e737e60c7e,860ff168e9b2e89f291e4aeb0d741ce822e18ff2bc6cd57a37f7d58da4a7ddc0,cc3814ad80dc0ee7b2ffb84750e35ba4cb3f1449,3,0,PROMPT22_CANONICAL,0.22993333333333332,0.00368178700572909,0.2296,0.2256,0.2346,248.24985053266644,11.982885264238547,549.6720697069982,34.879779572376556,310.07,17.106095541258576,8080.0009765625,5.102417294450161,8080.0009765625,5.102417294450161,8077.4140625,4.711945804890923,8077.4140625,4.711945804890923,0;0;0,3956;3956;3956,3953;3954;3954,NA,VALID_3_REPS,PROMPT22_FINAL_MATRIX.csv,P22-Church_05-P-LIVO-STRIDE-r1-retry_cpu_affinity;P22-Church_05-P-LIVO-STRIDE-r2-retry_cpu_affinity;P22-Church_05-P-LIVO-STRIDE-r3-retry_cpu_affinity,,,
OXFORD,College_03,N-LIO,off,2,ori-drs/FAST-LIVO2@f2c9abb72f82359bcb9190e31b8faa6b6b7b9a64:config/oxford_spires.yaml,1d49d420012c8d984cc354a88ee82c8bb59ebd523cc696b504cca8e737e60c7e,013beef79fcb75fdd6680d3d107a235e9904afbac1d6cb17e57790c9c8e67420,ea7702b871bff8c6e6c2d5a2bdc3e6d29d670491,3,0,PROMPT22_CANONICAL,0.0481,0.0,0.0481,0.0481,0.0481,55.13910578599999,0.3388299088543807,139.73545169833324,1.2909758025668834,69.01633333333334,1.1341468638976566,578.5071614583334,1.3461448757631962,573.3723958333334,2.491410355159003,575.2786458333334,1.3187526741020807,570.20703125,2.4614727427194967,0;0;0,0;0;0,0;0;0,NA,VALID_3_REPS,PROMPT22_FINAL_MATRIX.csv,P22-College_03-N-LIO-r1-retry_cpu_affinity;P22-College_03-N-LIO-r2-retry_cpu_affinity;P22-College_03-N-LIO-r3-retry_cpu_affinity,,,
OXFORD,College_03,P-LIO,off,2,ori-drs/FAST-LIVO2@f2c9abb72f82359bcb9190e31b8faa6b6b7b9a64:config/oxford_spires.yaml,1d49d420012c8d984cc354a88ee82c8bb59ebd523cc696b504cca8e737e60c7e,013beef79fcb75fdd6680d3d107a235e9904afbac1d6cb17e57790c9c8e67420,cc3814ad80dc0ee7b2ffb84750e35ba4cb3f1449,3,0,PROMPT22_CANONICAL,0.0748,0.0,0.0748,0.0748,0.0748,51.55477839100007,0.5212676912309867,174.37595561133327,2.3809131576574414,63.17026666666666,0.564864386871358,625.8912760416666,1.8023115245133876,621.9866536458334,0.9590968531995475,622.6614583333334,1.790802503260972,618.7955729166666,0.9428575935014067,0;0;0,0;0;0,0;0;0,NA,VALID_3_REPS,PROMPT22_FINAL_MATRIX.csv,P22-College_03-P-LIO-r1-retry_cpu_affinity;P22-College_03-P-LIO-r2-retry_cpu_affinity;P22-College_03-P-LIO-r3-retry_cpu_affinity,,,
OXFORD,College_03,N-LIVO-STRIDE,off,2,ori-drs/FAST-LIVO2@f2c9abb72f82359bcb9190e31b8faa6b6b7b9a64:config/oxford_spires.yaml,1d49d420012c8d984cc354a88ee82c8bb59ebd523cc696b504cca8e737e60c7e,860ff168e9b2e89f291e4aeb0d741ce822e18ff2bc6cd57a37f7d58da4a7ddc0,ea7702b871bff8c6e6c2d5a2bdc3e6d29d670491,3,0,PROMPT22_CANONICAL,0.07093333333333333,0.0028193773938387347,0.0711,0.0674,0.0743,83.59046370499993,0.7250909720640103,210.76850438766644,1.6572083337759789,124.40133333333333,0.901165664878307,5891.604817708333,22.37091325961248,5891.604817708333,22.37091325961248,5888.446614583333,22.32842622053543,5888.446614583333,22.32842622053543,0;0;0,2839;2839;2839,2837;2837;2837,NA,VALID_3_REPS,PROMPT22_FINAL_MATRIX.csv,P22-College_03-N-LIVO-STRIDE-r1-retry_cpu_affinity;P22-College_03-N-LIVO-STRIDE-r2-retry_cpu_affinity;P22-College_03-N-LIVO-STRIDE-r3-retry_cpu_affinity,,,
OXFORD,College_03,P-LIVO-STRIDE,off,2,ori-drs/FAST-LIVO2@f2c9abb72f82359bcb9190e31b8faa6b6b7b9a64:config/oxford_spires.yaml,1d49d420012c8d984cc354a88ee82c8bb59ebd523cc696b504cca8e737e60c7e,860ff168e9b2e89f291e4aeb0d741ce822e18ff2bc6cd57a37f7d58da4a7ddc0,cc3814ad80dc0ee7b2ffb84750e35ba4cb3f1449,3,0,PROMPT22_CANONICAL,0.1825,0.12777566278442856,0.0929,0.0914,0.3632,125.12248130800002,0.16231355499648858,315.24119439366683,1.2176937962428094,167.411,0.3095362122057184,5955.5029296875,14.852337753607445,5955.5029296875,14.852337753607445,5952.3203125,14.873010838966522,5952.3203125,14.873010838966522,0;0;0,2834;2834;2834,2832;2831;2831,NA,VALID_3_REPS,PROMPT22_FINAL_MATRIX.csv,P22-College_03-P-LIVO-STRIDE-r1-retry_cpu_affinity;P22-College_03-P-LIVO-STRIDE-r2-retry_cpu_affinity;P22-College_03-P-LIVO-STRIDE-r3-retry_cpu_affinity,,,
OXFORD,Palace_01,N-LIO,off,2,ori-drs/FAST-LIVO2@f2c9abb72f82359bcb9190e31b8faa6b6b7b9a64:config/oxford_spires.yaml,1d49d420012c8d984cc354a88ee82c8bb59ebd523cc696b504cca8e737e60c7e,013beef79fcb75fdd6680d3d107a235e9904afbac1d6cb17e57790c9c8e67420,ea7702b871bff8c6e6c2d5a2bdc3e6d29d670491,3,0,PROMPT22_CANONICAL,0.0795,0.0,0.0795,0.0795,0.0795,70.21808171166666,0.4683099833186823,193.28559879866668,2.0245147328071833,85.41656666666667,0.25608354539529443,933.3447265625,0.12290987330053109,927.1279296875,0.13196487714712477,930.1276041666666,0.13607861050821773,923.9739583333334,0.1391097961081961,0;0;0,0;0;0,0;0;0,NA,VALID_3_REPS,PROMPT22_FINAL_MATRIX.csv,P22-Palace_01-N-LIO-r1-retry_cpu_affinity;P22-Palace_01-N-LIO-r2-retry_cpu_affinity;P22-Palace_01-N-LIO-r3-retry_cpu_affinity,,,
OXFORD,Palace_01,P-LIO,off,2,ori-drs/FAST-LIVO2@f2c9abb72f82359bcb9190e31b8faa6b6b7b9a64:config/oxford_spires.yaml,1d49d420012c8d984cc354a88ee82c8bb59ebd523cc696b504cca8e737e60c7e,013beef79fcb75fdd6680d3d107a235e9904afbac1d6cb17e57790c9c8e67420,cc3814ad80dc0ee7b2ffb84750e35ba4cb3f1449,3,0,PROMPT22_CANONICAL,0.1272,0.0,0.1272,0.1272,0.1272,64.75943805266658,1.0425278881994322,220.91360455699973,3.7463807494080843,79.13753333333334,1.107130712949273,651.6357421875,0.9961917205701355,645.3642578125,0.9995430856170647,648.3802083333334,1.0000271263681912,642.1666666666666,0.9995336504821539,0;0;0,0;0;0,0;0;0,NA,VALID_3_REPS,PROMPT22_FINAL_MATRIX.csv,P22-Palace_01-P-LIO-r1-retry_cpu_affinity;P22-Palace_01-P-LIO-r2-retry_cpu_affinity;P22-Palace_01-P-LIO-r3-retry_cpu_affinity,,,
OXFORD,Palace_01,N-LIVO-STRIDE,off,2,ori-drs/FAST-LIVO2@f2c9abb72f82359bcb9190e31b8faa6b6b7b9a64:config/oxford_spires.yaml,1d49d420012c8d984cc354a88ee82c8bb59ebd523cc696b504cca8e737e60c7e,860ff168e9b2e89f291e4aeb0d741ce822e18ff2bc6cd57a37f7d58da4a7ddc0,ea7702b871bff8c6e6c2d5a2bdc3e6d29d670491,3,0,PROMPT22_CANONICAL,0.10313333333333333,0.000895668589502956,0.1035,0.1019,0.104,106.12952650433343,0.38770003535556474,274.01319239666776,0.17760923533473288,162.732,0.5190741758169056,8015.567057291667,21.696155331930804,8015.567057291667,21.696155331930804,8012.37890625,21.606146618403837,8012.37890625,21.606146618403837,0;0;0,4019;4019;4019,4017;4017;4017,NA,VALID_3_REPS,PROMPT22_FINAL_MATRIX.csv,P22-Palace_01-N-LIVO-STRIDE-r1-retry_cpu_affinity;P22-Palace_01-N-LIVO-STRIDE-r2-retry_cpu_affinity;P22-Palace_01-N-LIVO-STRIDE-r3-retry_cpu_affinity,,,
OXFORD,Palace_01,P-LIVO-STRIDE,off,2,ori-drs/FAST-LIVO2@f2c9abb72f82359bcb9190e31b8faa6b6b7b9a64:config/oxford_spires.yaml,1d49d420012c8d984cc354a88ee82c8bb59ebd523cc696b504cca8e737e60c7e,860ff168e9b2e89f291e4aeb0d741ce822e18ff2bc6cd57a37f7d58da4a7ddc0,cc3814ad80dc0ee7b2ffb84750e35ba4cb3f1449,3,0,PROMPT22_CANONICAL,0.13076666666666667,0.00024944382578492424,0.1307,0.1305,0.1311,182.70914925233353,0.800112575249833,434.9095050263342,2.0569689696689424,240.85533333333333,0.8917422397880623,7871.943684895833,60.59893015101441,7870.354166666667,60.68365778722359,7868.734375,60.59122023565116,7867.158854166667,60.67458744531413,0;0;0,4014;4014;4014,4012;4012;4011,NA,VALID_3_REPS,PROMPT22_FINAL_MATRIX.csv,P22-Palace_01-P-LIVO-STRIDE-r1-retry_cpu_affinity;P22-Palace_01-P-LIVO-STRIDE-r2-retry_cpu_affinity;P22-Palace_01-P-LIVO-STRIDE-r3-retry_cpu_affinity,,,
OXFORD,Quarter_01,N-LIO,off,2,ori-drs/FAST-LIVO2@f2c9abb72f82359bcb9190e31b8faa6b6b7b9a64:config/oxford_spires.yaml,1d49d420012c8d984cc354a88ee82c8bb59ebd523cc696b504cca8e737e60c7e,013beef79fcb75fdd6680d3d107a235e9904afbac1d6cb17e57790c9c8e67420,ea7702b871bff8c6e6c2d5a2bdc3e6d29d670491,3,0,PROMPT22_CANONICAL,0.0495,0.0,0.0495,0.0495,0.0495,65.69601956000004,0.42080736381133094,170.05846635099982,0.8441935368228481,79.70323333333333,0.545844821253158,1049.33984375,7.642999135876939,1042.732421875,8.810928962217666,1046.08984375,7.657617729661085,1039.5455729166667,8.822782152900224,0;0;0,0;0;0,0;0;0,NA,VALID_3_REPS,PROMPT22_FINAL_MATRIX.csv,P22-Quarter_01-N-LIO-r1-retry_cpu_affinity;P22-Quarter_01-N-LIO-r2-retry_cpu_affinity;P22-Quarter_01-N-LIO-r3-retry_cpu_affinity,,,
OXFORD,Quarter_01,P-LIO,off,2,ori-drs/FAST-LIVO2@f2c9abb72f82359bcb9190e31b8faa6b6b7b9a64:config/oxford_spires.yaml,1d49d420012c8d984cc354a88ee82c8bb59ebd523cc696b504cca8e737e60c7e,013beef79fcb75fdd6680d3d107a235e9904afbac1d6cb17e57790c9c8e67420,cc3814ad80dc0ee7b2ffb84750e35ba4cb3f1449,3,0,PROMPT22_CANONICAL,0.051,0.0,0.051,0.051,0.051,59.23451305999999,0.2670353022844063,202.44685071066704,1.0288200131012846,71.3236,0.2942755284876152,521.2171223958334,0.08869830469123875,515.0927734375,0.0868463716974879,517.96484375,0.09773434377497503,511.9036458333333,0.09842578744252217,0;0;0,0;0;0,0;0;0,NA,VALID_3_REPS,PROMPT22_FINAL_MATRIX.csv,P22-Quarter_01-P-LIO-r1-retry_cpu_affinity;P22-Quarter_01-P-LIO-r2-retry_cpu_affinity;P22-Quarter_01-P-LIO-r3-retry_cpu_affinity,,,
OXFORD,Quarter_01,N-LIVO-STRIDE,off,2,ori-drs/FAST-LIVO2@f2c9abb72f82359bcb9190e31b8faa6b6b7b9a64:config/oxford_spires.yaml,1d49d420012c8d984cc354a88ee82c8bb59ebd523cc696b504cca8e737e60c7e,860ff168e9b2e89f291e4aeb0d741ce822e18ff2bc6cd57a37f7d58da4a7ddc0,ea7702b871bff8c6e6c2d5a2bdc3e6d29d670491,3,0,PROMPT22_CANONICAL,0.0472,0.0002943920288775947,0.0473,0.0468,0.0475,94.5898173593333,2.6953630797332937,237.46995895166626,7.211068806027761,137.217,4.088430098053126,5985.654947916667,29.97698140613169,5985.654947916667,29.97698140613169,5982.45703125,29.993344903918114,5982.45703125,29.993344903918114,0;0;0,2871;2871;2871,2869;2869;2869,NA,VALID_3_REPS,PROMPT22_FINAL_MATRIX.csv,P22-Quarter_01-N-LIVO-STRIDE-r1-retry_cpu_affinity;P22-Quarter_01-N-LIVO-STRIDE-r2-retry_cpu_affinity;P22-Quarter_01-N-LIVO-STRIDE-r3-retry_cpu_affinity,,,
OXFORD,Quarter_01,P-LIVO-STRIDE,off,2,ori-drs/FAST-LIVO2@f2c9abb72f82359bcb9190e31b8faa6b6b7b9a64:config/oxford_spires.yaml,1d49d420012c8d984cc354a88ee82c8bb59ebd523cc696b504cca8e737e60c7e,860ff168e9b2e89f291e4aeb0d741ce822e18ff2bc6cd57a37f7d58da4a7ddc0,cc3814ad80dc0ee7b2ffb84750e35ba4cb3f1449,3,0,PROMPT22_CANONICAL,0.06493333333333333,0.0014522013940527962,0.0657,0.0629,0.0662,130.62616655366676,0.5839609989145331,339.65249310233406,1.8795807675048306,174.414,0.6326362830779285,6053.343424479167,33.49781052312636,6052.778971354167,33.061308853944645,6050.66015625,32.74064972553034,6050.111979166667,32.31554308822312,0;0;0,2866;2866;2866,2864;2864;2864,NA,VALID_3_REPS,PROMPT22_FINAL_MATRIX.csv,P22-Quarter_01-P-LIVO-STRIDE-r1-retry_cpu_affinity;P22-Quarter_01-P-LIVO-STRIDE-r2-retry_cpu_affinity;P22-Quarter_01-P-LIVO-STRIDE-r3-retry_cpu_affinity,,,
