family,sequence,arm,camera_active,effective_camera_stride,prompt22_raw_stride,repetitions,valid_repetitions,ate_rmse_m_mean,ate_rmse_m_std,ate_rmse_m_median,ate_rmse_m_min,ate_rmse_m_max,estimator_wall_s_mean,estimator_wall_s_std,estimator_wall_s_median,estimator_cpu_s_mean,estimator_cpu_s_std,estimator_cpu_s_median,offline_wall_s_mean,offline_wall_s_std,offline_wall_s_median,peak_rss_mib_mean,peak_rss_mib_std,peak_rss_mib_median,final_rss_mib_mean,final_rss_mib_std,final_rss_mib_median,peak_pss_mib_mean,peak_pss_mib_std,peak_pss_mib_median,final_pss_mib_mean,final_pss_mib_std,final_pss_mib_median,peak_uss_mib_mean,peak_uss_mib_std,peak_uss_mib_median,final_uss_mib_mean,final_uss_mib_std,final_uss_mib_median,visual_calls,visual_commits,backend_rejected,trajectory_rows,config_authority,config_sha256,shared_semantic_sha256,source_heads,run_ids,final_validity
NTU,eee_01,N-LIO,false,N/A (camera off),1;1;1,3,3,0.030760061559,0.0,0.030760061559,0.030760061559,0.030760061559,44.46852636833328,4.855129559921532,47.42344839800002,173.40968167899987,18.948263760223377,184.88273482399964,48.481899999999996,5.091465363396539,51.5331,2586.9817708333335,1.459984416907539,2587.05078125,2586.3046875,1.642124810490715,2585.453125,2566.6878255208335,1.326565014572566,2566.5810546875,2566.0133463541665,1.5520218190541664,2564.9794921875,2564.08203125,1.6554114180138497,2563.7734375,2563.4778645833335,1.8986205687338102,2562.2421875,0;0;0,0;0;0,0;0;0,3985;3985;3985,hku-mars/FAST-LIVO2@0d2c0346107b75b59934975adec9a6eeeb913c64:config/NTU_VIRAL.yaml,c8f94f130e599b928c3f02c3f3d3b2009ae01df76aec32f6ac96b6a987311ef3,76e7349c106135cd6afbc042251d9d81688d5aac5b6fd3976c429616ab764263,0f4881acffd3a6958b1bf67ae07363a84b563d1a,P15-eee_01-N-LIO-r1;P15-eee_01-N-LIO-r2;P15-eee_01-N-LIO-r3,VALID_3_REPS
NTU,eee_01,P-LIO,false,N/A (camera off),1;1;1,3,3,0.04951128171299999,0.0,0.049511281713,0.049511281713,0.049511281713,37.45760376566667,7.549272349642345,37.123917463999895,140.54660503333335,27.79189481243617,139.79110215200012,42.0544,8.492950571307166,41.4658,339.3567708333333,1.3093546968725556,339.7734375,338.5598958333333,1.5232750091405762,337.5859375,318.8343098958333,1.3544398105685673,319.6103515625,318.0517578125,1.3581961127557216,317.2626953125,316.2760416666667,1.5354074796197335,316.703125,315.5169270833333,1.6916192409839201,314.42578125,0;0;0,0;0;0,0;0;0,3981;3981;3981,hku-mars/FAST-LIVO2@0d2c0346107b75b59934975adec9a6eeeb913c64:config/NTU_VIRAL.yaml,c8f94f130e599b928c3f02c3f3d3b2009ae01df76aec32f6ac96b6a987311ef3,76e7349c106135cd6afbc042251d9d81688d5aac5b6fd3976c429616ab764263,00f12463d520d5ac7297f62385f56757d56a029c,P15-eee_01-P-LIO-r1;P15-eee_01-P-LIO-r2;P15-eee_01-P-LIO-r3,VALID_3_REPS
NTU,eee_01,N-LIVO-STRIDE,true,1,1;1;1,3,3,0.029999763343000002,0.0017163645019898277,0.028794415818,0.028777823814,0.032427050397,77.384922545,8.342204625989913,81.30477892599993,267.93951650866586,33.14731885911979,283.51500914199795,82.6844,9.08393580338391,86.995,4436.268229166667,16.03889960662398,4427.02734375,4436.268229166667,16.03889960662398,4427.02734375,4416.0185546875,16.083661598189327,4406.7587890625,4416.0185546875,16.083661598189327,4406.7587890625,4413.489583333333,15.881456665738753,4404.77734375,4413.489583333333,15.881456665738753,4404.77734375,3983;3983;3983,3982;3982;3982,0;0;0,3983;3983;3983,hku-mars/FAST-LIVO2@0d2c0346107b75b59934975adec9a6eeeb913c64:config/NTU_VIRAL.yaml,c8f94f130e599b928c3f02c3f3d3b2009ae01df76aec32f6ac96b6a987311ef3,a02de9fde32902582637605791cdf050028efa3b54171d07a92b216f289b5d90,0f4881acffd3a6958b1bf67ae07363a84b563d1a,P15-eee_01-N-LIVO-r1;P15-eee_01-N-LIVO-r2;P15-eee_01-N-LIVO-r3,VALID_3_REPS
NTU,eee_01,P-LIVO-STRIDE,true,1,1;1;1,3,3,0.05210262937466667,9.912033324667652e-05,0.052040236474,0.052025117016,0.052242534634,67.96531165999981,8.052120963853115,73.44830529600004,224.2513761076667,27.529428510905817,242.7290872230006,72.4355,8.518879720166652,78.2364,2109.8203125,6.847862366763852,2107.32421875,2108.8854166666665,6.56493656197202,2105.65234375,2090.0211588541665,6.437295772600934,2086.849609375,2089.0784505208335,6.184455936247736,2085.212890625,2087.8841145833335,6.43130369436877,2084.07421875,2086.98828125,6.245410912878602,2082.63671875,3979;3979;3979,3977;3977;3977,1;1;1,3979;3979;3979,hku-mars/FAST-LIVO2@0d2c0346107b75b59934975adec9a6eeeb913c64:config/NTU_VIRAL.yaml,c8f94f130e599b928c3f02c3f3d3b2009ae01df76aec32f6ac96b6a987311ef3,a02de9fde32902582637605791cdf050028efa3b54171d07a92b216f289b5d90,00f12463d520d5ac7297f62385f56757d56a029c,P15-eee_01-P-LIVO-r1;P15-eee_01-P-LIVO-r2;P15-eee_01-P-LIVO-r3,VALID_3_REPS
NTU,eee_02,N-LIO,false,N/A (camera off),1;1;1,3,3,0.021901091769,0.0,0.021901091769,0.021901091769,0.021901091769,32.70746114533336,3.6073897559609356,34.84012812400008,128.98496188133342,14.368266481934802,137.11316347600027,35.73553333333333,3.9889773002891626,38.0734,1715.6497395833333,1.8660276136500538,1715.765625,1715.08984375,1.9948078151543926,1714.0859375,1695.7952473958333,1.6297386394672453,1696.568359375,1695.2197265625,1.5584005875107887,1694.841796875,1693.1901041666667,1.861819813985302,1693.57421875,1692.6380208333333,1.9109784181251055,1691.91796875,0;0;0,0;0;0,0;0;0,3208;3208;3208,hku-mars/FAST-LIVO2@0d2c0346107b75b59934975adec9a6eeeb913c64:config/NTU_VIRAL.yaml,c8f94f130e599b928c3f02c3f3d3b2009ae01df76aec32f6ac96b6a987311ef3,76e7349c106135cd6afbc042251d9d81688d5aac5b6fd3976c429616ab764263,0f4881acffd3a6958b1bf67ae07363a84b563d1a,P15-eee_02-N-LIO-r1;P15-eee_02-N-LIO-r2;P15-eee_02-N-LIO-r3,VALID_3_REPS
NTU,eee_02,P-LIO,false,N/A (camera off),1;1;1,3,3,0.017281438879,0.0,0.017281438879,0.017281438879,0.017281438879,27.38717890166671,4.348109599622402,28.597296576,102.88445873466635,16.173225713647472,107.7911698089994,30.939999999999998,4.722001254411805,32.2467,294.0677083333333,1.7733294677692244,294.5859375,293.18359375,1.5123326568927111,292.61328125,274.4137369791667,2.239608125771203,275.2626953125,273.5100911458333,1.5297681077849414,274.5869140625,272.30078125,2.7438025722231805,273.1484375,271.4440104166667,2.030010973603687,272.54296875,0;0;0,0;0;0,0;0;0,3204;3204;3204,hku-mars/FAST-LIVO2@0d2c0346107b75b59934975adec9a6eeeb913c64:config/NTU_VIRAL.yaml,c8f94f130e599b928c3f02c3f3d3b2009ae01df76aec32f6ac96b6a987311ef3,76e7349c106135cd6afbc042251d9d81688d5aac5b6fd3976c429616ab764263,00f12463d520d5ac7297f62385f56757d56a029c,P15-eee_02-P-LIO-r1;P15-eee_02-P-LIO-r2;P15-eee_02-P-LIO-r3,VALID_3_REPS
NTU,eee_02,N-LIVO-STRIDE,true,1,1;1;1,3,3,0.035967195907666664,8.486894024790642e-05,0.035962174634,0.035865854748,0.036073558341,62.09557478966673,7.502474217884639,66.62061142700007,218.1983155473325,29.154277707386065,236.6463366109998,67.49310000000001,9.060809103312282,71.176,3111.1458333333335,1.5070240724369712,3110.36328125,3111.1458333333335,1.5070240724369712,3110.36328125,3091.41796875,1.7084245734932022,3090.5498046875,3091.41796875,1.7084245734932022,3090.5498046875,3088.8177083333335,1.4441941525352517,3087.91796875,3088.8177083333335,1.4441941525352517,3087.91796875,3207;3207;3207,3205;3205;3205,0;0;0,3206;3206;3206,hku-mars/FAST-LIVO2@0d2c0346107b75b59934975adec9a6eeeb913c64:config/NTU_VIRAL.yaml,c8f94f130e599b928c3f02c3f3d3b2009ae01df76aec32f6ac96b6a987311ef3,a02de9fde32902582637605791cdf050028efa3b54171d07a92b216f289b5d90,0f4881acffd3a6958b1bf67ae07363a84b563d1a,P15-eee_02-N-LIVO-r1;P15-eee_02-N-LIVO-r2;P15-eee_02-N-LIVO-r3,VALID_3_REPS
NTU,eee_02,P-LIVO-STRIDE,true,1,1;1;1,3,3,0.02754086208333333,0.0001674286999523751,0.027535443128,0.027338567828,0.027748575294,55.331914521333324,7.801907237940007,57.26968744299993,187.19634383766675,26.498673559393293,194.279858277,60.26303333333334,9.589977294492877,61.174,1696.8958333333333,24.08392776758828,1711.2578125,1696.8958333333333,24.08392776758828,1711.2578125,1677.6627604166667,22.743455809613277,1690.8408203125,1677.6627604166667,22.743455809613277,1690.8408203125,1675.5,22.337415103932475,1688.80078125,1675.5,22.337415103932475,1688.80078125,3202;3202;3202,3200;3200;3200,0;0;0,3202;3202;3202,hku-mars/FAST-LIVO2@0d2c0346107b75b59934975adec9a6eeeb913c64:config/NTU_VIRAL.yaml,c8f94f130e599b928c3f02c3f3d3b2009ae01df76aec32f6ac96b6a987311ef3,a02de9fde32902582637605791cdf050028efa3b54171d07a92b216f289b5d90,00f12463d520d5ac7297f62385f56757d56a029c,P15-eee_02-P-LIVO-r1;P15-eee_02-P-LIVO-r2;P15-eee_02-P-LIVO-r3,VALID_3_REPS
NTU,eee_03,N-LIO,false,N/A (camera off),1;1;1,3,3,0.031571706463,0.0,0.031571706463,0.031571706463,0.031571706463,20.305917121333323,3.201250382462961,20.742827771999984,76.95419006200005,10.293039822950663,79.96732120599988,22.344666666666665,3.464977553879518,23.0042,1331.8828125,1.5053648905750532,1331.2265625,1331.8828125,1.5053648905750532,1331.2265625,1311.810546875,1.450301733083171,1311.6259765625,1311.810546875,1.450301733083171,1311.6259765625,1309.234375,1.8236122184931478,1308.671875,1309.234375,1.8236122184931478,1308.671875,0;0;0,0;0;0,0;0;0,1812;1812;1812,hku-mars/FAST-LIVO2@0d2c0346107b75b59934975adec9a6eeeb913c64:config/NTU_VIRAL.yaml,c8f94f130e599b928c3f02c3f3d3b2009ae01df76aec32f6ac96b6a987311ef3,76e7349c106135cd6afbc042251d9d81688d5aac5b6fd3976c429616ab764263,0f4881acffd3a6958b1bf67ae07363a84b563d1a,P15-eee_03-N-LIO-r1;P15-eee_03-N-LIO-r2;P15-eee_03-N-LIO-r3,VALID_3_REPS
NTU,eee_03,P-LIO,false,N/A (camera off),1;1;1,3,3,0.029984326738999995,0.0,0.029984326739,0.029984326739,0.029984326739,17.292184738333344,4.313861745331321,16.36915036600001,64.68930901333337,15.692880750285589,61.60771387900011,19.5259,4.741456842223355,18.5473,250.24348958333334,1.8216206330314124,249.234375,249.96354166666666,1.4294147242816044,249.234375,229.94791666666666,1.5889257748345218,229.4931640625,229.6484375,1.1943198343575765,229.4931640625,227.31770833333334,1.9034685921250702,226.52734375,227.04166666666666,1.5254805122274633,226.52734375,0;0;0,0;0;0,0;0;0,1808;1808;1808,hku-mars/FAST-LIVO2@0d2c0346107b75b59934975adec9a6eeeb913c64:config/NTU_VIRAL.yaml,c8f94f130e599b928c3f02c3f3d3b2009ae01df76aec32f6ac96b6a987311ef3,76e7349c106135cd6afbc042251d9d81688d5aac5b6fd3976c429616ab764263,00f12463d520d5ac7297f62385f56757d56a029c,P15-eee_03-P-LIO-r1;P15-eee_03-P-LIO-r2;P15-eee_03-P-LIO-r3,VALID_3_REPS
NTU,eee_03,N-LIVO-STRIDE,true,1,1;1;1,3,3,0.03021359209666667,2.468115530203961e-05,0.030212569936,0.030183888023,0.030244318331,34.260877416666645,4.133708462719124,36.57150733599994,120.04807488999978,16.543094029066488,129.5636734909995,36.9672,4.110423098254808,39.2134,2222.5247395833335,1.865640521699343,2221.69140625,2222.5247395833335,1.865640521699343,2221.69140625,2203.2805989583335,1.6952874357106162,2203.9345703125,2203.2805989583335,1.6952874357106162,2203.9345703125,2201.2174479166665,2.117308415725103,2202.484375,2201.2174479166665,2.117308415725103,2202.484375,1811;1811;1811,1809;1809;1809,0;0;0,1810;1810;1810,hku-mars/FAST-LIVO2@0d2c0346107b75b59934975adec9a6eeeb913c64:config/NTU_VIRAL.yaml,c8f94f130e599b928c3f02c3f3d3b2009ae01df76aec32f6ac96b6a987311ef3,a02de9fde32902582637605791cdf050028efa3b54171d07a92b216f289b5d90,0f4881acffd3a6958b1bf67ae07363a84b563d1a,P15-eee_03-N-LIVO-r1;P15-eee_03-N-LIVO-r2;P15-eee_03-N-LIVO-r3,VALID_3_REPS
NTU,eee_03,P-LIVO-STRIDE,true,1,1;1;1,3,3,0.029665227352,0.0,0.029665227352,0.029665227352,0.029665227352,30.758920822666628,3.848485503144259,33.398751918999984,105.29953406999995,13.14707092251966,113.9879843700004,32.98246666666667,4.109252280187019,35.702,1068.9908854166667,4.475819743378526,1065.8828125,1068.9908854166667,4.475819743378526,1065.8828125,1049.1598307291667,4.235262081479407,1046.2978515625,1049.1598307291667,4.235262081479407,1046.2978515625,1046.5729166666667,4.630273876434301,1043.3125,1046.5729166666667,4.630273876434301,1043.3125,1806;1806;1806,1804;1804;1804,1;1;1,1806;1806;1806,hku-mars/FAST-LIVO2@0d2c0346107b75b59934975adec9a6eeeb913c64:config/NTU_VIRAL.yaml,c8f94f130e599b928c3f02c3f3d3b2009ae01df76aec32f6ac96b6a987311ef3,a02de9fde32902582637605791cdf050028efa3b54171d07a92b216f289b5d90,00f12463d520d5ac7297f62385f56757d56a029c,P15-eee_03-P-LIVO-r1;P15-eee_03-P-LIVO-r2;P15-eee_03-P-LIVO-r3,VALID_3_REPS
NTU,nya_01,N-LIO,false,N/A (camera off),1;1;1,3,3,0.027764369868,0.0,0.027764369868,0.027764369868,0.027764369868,34.63314997233332,4.295593946088579,36.397002129000064,139.60949370566684,16.993217343528173,147.0592472510006,38.38056666666667,4.7195295615370645,40.6174,577.09375,1.0708588553824643,577.15234375,577.09375,1.0708588553824643,577.15234375,556.978515625,1.0120090377464368,557.533203125,556.978515625,1.0120090377464368,557.533203125,554.3424479166666,1.2313895088934481,554.5,554.3424479166666,1.2313895088934481,554.5,0;0;0,0;0;0,0;0;0,3948;3948;3948,hku-mars/FAST-LIVO2@0d2c0346107b75b59934975adec9a6eeeb913c64:config/NTU_VIRAL.yaml,c8f94f130e599b928c3f02c3f3d3b2009ae01df76aec32f6ac96b6a987311ef3,76e7349c106135cd6afbc042251d9d81688d5aac5b6fd3976c429616ab764263,0f4881acffd3a6958b1bf67ae07363a84b563d1a,P15-nya_01-N-LIO-r1;P15-nya_01-N-LIO-r2;P15-nya_01-N-LIO-r3,VALID_3_REPS
NTU,nya_01,P-LIO,false,N/A (camera off),1;1;1,3,3,0.023256332556,0.0,0.023256332556,0.023256332556,0.023256332556,24.317505264000015,2.808189675969531,26.085411869999977,91.77261291966681,10.374827024535216,98.01174133200023,29.21966666666667,3.394964084575204,31.1601,267.0859375,1.8613134372234412,266.23828125,266.73046875,1.6946313195632823,266.23828125,246.88802083333334,1.6798805934110412,246.4931640625,246.46875,1.500332053836485,246.4931640625,244.26302083333334,2.0390533538002624,243.5078125,243.890625,1.831713336399774,243.5078125,0;0;0,0;0;0,0;0;0,3944;3944;3944,hku-mars/FAST-LIVO2@0d2c0346107b75b59934975adec9a6eeeb913c64:config/NTU_VIRAL.yaml,c8f94f130e599b928c3f02c3f3d3b2009ae01df76aec32f6ac96b6a987311ef3,76e7349c106135cd6afbc042251d9d81688d5aac5b6fd3976c429616ab764263,00f12463d520d5ac7297f62385f56757d56a029c,P15-nya_01-P-LIO-r1;P15-nya_01-P-LIO-r2;P15-nya_01-P-LIO-r3,VALID_3_REPS
NTU,nya_01,N-LIVO-STRIDE,true,1,1;1;1,3,3,0.037922360253666666,5.961757609309617e-05,0.037964516246,0.037838048269,0.037964516246,71.83591488799992,11.184240930201673,78.86845793999971,260.0640107990001,42.25701136602303,284.76234947199924,79.55576666666666,13.373893518426941,88.2122,2305.8958333333335,2.3866928218495262,2307.4609375,2305.8958333333335,2.3866928218495262,2307.4609375,2285.9485677083335,2.499160668091477,2286.8505859375,2285.9485677083335,2.499160668091477,2286.8505859375,2283.2825520833335,2.598718911191374,2284.765625,2283.2825520833335,2.598718911191374,2284.765625,3946;3946;3946,3944;3944;3944,0;0;0,3945;3945;3945,hku-mars/FAST-LIVO2@0d2c0346107b75b59934975adec9a6eeeb913c64:config/NTU_VIRAL.yaml,c8f94f130e599b928c3f02c3f3d3b2009ae01df76aec32f6ac96b6a987311ef3,a02de9fde32902582637605791cdf050028efa3b54171d07a92b216f289b5d90,0f4881acffd3a6958b1bf67ae07363a84b563d1a,P15-nya_01-N-LIVO-r1;P15-nya_01-N-LIVO-r2;P15-nya_01-N-LIVO-r3,VALID_3_REPS
NTU,nya_01,P-LIVO-STRIDE,true,1,1;1;1,3,3,0.038840353663,7.505105510505377e-06,0.038835046752,0.038835046752,0.038850967485,56.10569162800012,6.4671576215413245,59.657259985000145,197.98717407233394,24.25268673073442,212.0569142849994,61.9444,5.2493588205291015,64.5562,2042.5611979166667,1.9287656297185722,2043.82421875,2041.9700520833333,1.7104925141145793,2042.05078125,2022.5680338541667,1.4572154528939385,2023.4541015625,2022.0354817708333,1.2026409369886155,2022.138671875,2019.87890625,1.7031697958558403,2020.765625,2019.3697916666667,1.5862848979804238,2019.23828125,3941;3941;3941,3939;3939;3939,1;1;1,3941;3941;3941,hku-mars/FAST-LIVO2@0d2c0346107b75b59934975adec9a6eeeb913c64:config/NTU_VIRAL.yaml,c8f94f130e599b928c3f02c3f3d3b2009ae01df76aec32f6ac96b6a987311ef3,a02de9fde32902582637605791cdf050028efa3b54171d07a92b216f289b5d90,00f12463d520d5ac7297f62385f56757d56a029c,P15-nya_01-P-LIVO-r1;P15-nya_01-P-LIVO-r2;P15-nya_01-P-LIVO-r3,VALID_3_REPS
NTU,nya_02,N-LIO,false,N/A (camera off),1;1;1,3,3,0.029233703789,0.0,0.029233703789,0.029233703789,0.029233703789,38.009364376666696,5.863492831859741,41.40504542800016,153.44850158433283,22.651434693986626,166.81420003799934,42.09256666666666,6.150583367634505,45.7294,562.4973958333334,1.947119238514441,562.1640625,562.3463541666666,1.9843374066867734,561.7109375,542.9781901041666,1.2680736657908669,542.759765625,542.8323567708334,1.309294727649758,542.322265625,540.6184895833334,1.6763269839497472,540.73046875,540.49609375,1.6770873770655184,540.36328125,0;0;0,0;0;0,0;0;0,4284;4284;4284,hku-mars/FAST-LIVO2@0d2c0346107b75b59934975adec9a6eeeb913c64:config/NTU_VIRAL.yaml,c8f94f130e599b928c3f02c3f3d3b2009ae01df76aec32f6ac96b6a987311ef3,76e7349c106135cd6afbc042251d9d81688d5aac5b6fd3976c429616ab764263,0f4881acffd3a6958b1bf67ae07363a84b563d1a,P15-nya_02-N-LIO-r1;P15-nya_02-N-LIO-r2;P15-nya_02-N-LIO-r3,VALID_3_REPS
NTU,nya_02,P-LIO,false,N/A (camera off),1;1;1,3,3,0.029556829654999995,0.0,0.029556829655,0.029556829655,0.029556829655,27.322735008333286,3.593569644265689,29.59265538099991,103.31508910566708,13.474285884834211,111.95259335200026,32.56773333333334,4.261796192008977,35.0844,279.4817708333333,1.2875240714611955,279.046875,278.890625,1.1344546287478843,279.046875,259.6025390625,1.141865095357632,259.1962890625,258.9104817708333,0.8577537579816233,258.4521484375,257.1106770833333,1.7174010252317349,256.0234375,256.4583333333333,1.5147533379056077,255.7734375,0;0;0,0;0;0,0;0;0,4280;4280;4280,hku-mars/FAST-LIVO2@0d2c0346107b75b59934975adec9a6eeeb913c64:config/NTU_VIRAL.yaml,c8f94f130e599b928c3f02c3f3d3b2009ae01df76aec32f6ac96b6a987311ef3,76e7349c106135cd6afbc042251d9d81688d5aac5b6fd3976c429616ab764263,00f12463d520d5ac7297f62385f56757d56a029c,P15-nya_02-P-LIO-r1;P15-nya_02-P-LIO-r2;P15-nya_02-P-LIO-r3,VALID_3_REPS
NTU,nya_02,N-LIVO-STRIDE,true,1,1;1;1,3,3,0.03697045449133333,8.832376522878498e-07,0.036969829948,0.036969829948,0.036971703578,74.72763463366671,11.834343210148678,82.77265777100003,275.3034525509989,45.04468731599304,305.5719638529981,83.08073333333333,14.370216962020981,90.3481,2419.5716145833335,21.384520871018587,2432.1484375,2419.5716145833335,21.384520871018587,2432.1484375,2400.3138020833335,19.452877954482954,2411.6513671875,2400.3138020833335,19.452877954482954,2411.6513671875,2398.2890625,18.9698908974408,2408.96484375,2398.2890625,18.9698908974408,2408.96484375,4283;4283;4283,4282;4282;4282,0;0;0,4283;4283;4283,hku-mars/FAST-LIVO2@0d2c0346107b75b59934975adec9a6eeeb913c64:config/NTU_VIRAL.yaml,c8f94f130e599b928c3f02c3f3d3b2009ae01df76aec32f6ac96b6a987311ef3,a02de9fde32902582637605791cdf050028efa3b54171d07a92b216f289b5d90,0f4881acffd3a6958b1bf67ae07363a84b563d1a,P15-nya_02-N-LIVO-r1;P15-nya_02-N-LIVO-r2;P15-nya_02-N-LIVO-r3,VALID_3_REPS
NTU,nya_02,P-LIVO-STRIDE,true,1,1;1;1,3,3,0.046925802685,5.23620109226912e-05,0.046962828218,0.046851751619,0.046962828218,60.565357472333396,8.904535363386666,65.7246838529998,214.487069741334,30.35920724263638,232.73340680699988,65.53676666666667,9.411838686935134,71.1019,2188.6666666666665,3.6368737566172378,2186.75390625,2188.6666666666665,3.6368737566172378,2186.75390625,2168.5970052083335,3.3315681552110408,2167.861328125,2168.5970052083335,3.3315681552110408,2167.861328125,2166.00390625,3.649081514359127,2164.80859375,2166.00390625,3.649081514359127,2164.80859375,4279;4279;4279,4277;4277;4277,0;0;0,4279;4279;4279,hku-mars/FAST-LIVO2@0d2c0346107b75b59934975adec9a6eeeb913c64:config/NTU_VIRAL.yaml,c8f94f130e599b928c3f02c3f3d3b2009ae01df76aec32f6ac96b6a987311ef3,a02de9fde32902582637605791cdf050028efa3b54171d07a92b216f289b5d90,00f12463d520d5ac7297f62385f56757d56a029c,P15-nya_02-P-LIVO-r1;P15-nya_02-P-LIVO-r2;P15-nya_02-P-LIVO-r3,VALID_3_REPS
NTU,nya_03,N-LIO,false,N/A (camera off),1;1;1,3,3,0.028883185208,0.0,0.028883185208,0.028883185208,0.028883185208,37.198804415333306,4.9719280264456485,38.822069427999914,150.34233159400006,19.88446597285184,156.6208871200001,41.10986666666667,5.479792293103412,42.9441,647.0677083333334,1.6700435760152879,647.68359375,647.0677083333334,1.6700435760152879,647.68359375,627.560546875,1.408270394688922,627.423828125,627.560546875,1.408270394688922,627.423828125,624.63671875,1.4928213640620234,624.60546875,624.63671875,1.4928213640620234,624.60546875,0;0;0,0;0;0,0;0;0,4092;4092;4092,hku-mars/FAST-LIVO2@0d2c0346107b75b59934975adec9a6eeeb913c64:config/NTU_VIRAL.yaml,c8f94f130e599b928c3f02c3f3d3b2009ae01df76aec32f6ac96b6a987311ef3,76e7349c106135cd6afbc042251d9d81688d5aac5b6fd3976c429616ab764263,0f4881acffd3a6958b1bf67ae07363a84b563d1a,P15-nya_03-N-LIO-r1;P15-nya_03-N-LIO-r2;P15-nya_03-N-LIO-r3,VALID_3_REPS
NTU,nya_03,P-LIO,false,N/A (camera off),1;1;1,3,3,0.02575712856,0.0,0.02575712856,0.02575712856,0.02575712856,26.786831535333352,3.787457853625714,27.954662187000004,100.99080497366651,13.755822297953774,105.89573913299968,33.00213333333333,2.5330288224881206,32.8653,280.2903645833333,18.137657311952996,291.796875,279.16796875,18.401214791707282,291.796875,260.7945963541667,18.092428864492714,272.669921875,260.1357421875,17.61150261730934,272.5078125,258.3203125,17.36526941302983,269.58984375,257.6848958333333,16.89694221517234,269.58984375,0;0;0,0;0;0,0;0;0,4088;4088;4088,hku-mars/FAST-LIVO2@0d2c0346107b75b59934975adec9a6eeeb913c64:config/NTU_VIRAL.yaml,c8f94f130e599b928c3f02c3f3d3b2009ae01df76aec32f6ac96b6a987311ef3,76e7349c106135cd6afbc042251d9d81688d5aac5b6fd3976c429616ab764263,00f12463d520d5ac7297f62385f56757d56a029c,P15-nya_03-P-LIO-r1;P15-nya_03-P-LIO-r2;P15-nya_03-P-LIO-r3,VALID_3_REPS
NTU,nya_03,N-LIVO-STRIDE,true,1,1;1;1,3,3,0.03333704204033333,7.284304710670102e-06,0.033331916403,0.033331866156,0.033347343562,75.02299623666649,11.582469853647739,76.40665572599968,275.3187856586669,43.29100265453615,282.764283617,83.29213333333333,14.96559856589624,83.3364,2327.3502604166665,24.97805765854195,2337.8359375,2327.3502604166665,24.97805765854195,2337.8359375,2308.3854166666665,24.542142296733505,2318.8408203125,2308.3854166666665,24.542142296733505,2318.8408203125,2305.9036458333335,23.865193233081108,2315.765625,2305.9036458333335,23.865193233081108,2315.765625,4091;4091;4091,4089;4089;4089,0;0;0,4090;4090;4090,hku-mars/FAST-LIVO2@0d2c0346107b75b59934975adec9a6eeeb913c64:config/NTU_VIRAL.yaml,c8f94f130e599b928c3f02c3f3d3b2009ae01df76aec32f6ac96b6a987311ef3,a02de9fde32902582637605791cdf050028efa3b54171d07a92b216f289b5d90,0f4881acffd3a6958b1bf67ae07363a84b563d1a,P15-nya_03-N-LIVO-r1;P15-nya_03-N-LIVO-r2;P15-nya_03-N-LIVO-r3,VALID_3_REPS
NTU,nya_03,P-LIVO-STRIDE,true,1,1;1;1,3,3,0.03192364933966667,2.09542362743942e-05,0.031920364763,0.031899786164,0.031950797092,58.86911264800006,9.091254825853952,62.92053889900011,213.586349258333,31.141975935568112,225.99210837700002,63.9899,9.74612167206354,68.5877,2124.0065104166665,3.180858732726237,2124.51171875,2123.4192708333335,3.956104172892761,2124.51171875,2104.7867838541665,2.8796973439121554,2105.0498046875,2104.2386067708335,3.591168022502152,2105.0498046875,2101.8059895833335,3.031787453248553,2102.12109375,2101.28125,3.7140461212126583,2102.12109375,4086;4086;4086,4084;4084;4084,1;1;1,4086;4086;4086,hku-mars/FAST-LIVO2@0d2c0346107b75b59934975adec9a6eeeb913c64:config/NTU_VIRAL.yaml,c8f94f130e599b928c3f02c3f3d3b2009ae01df76aec32f6ac96b6a987311ef3,a02de9fde32902582637605791cdf050028efa3b54171d07a92b216f289b5d90,00f12463d520d5ac7297f62385f56757d56a029c,P15-nya_03-P-LIVO-r1;P15-nya_03-P-LIVO-r2;P15-nya_03-P-LIVO-r3,VALID_3_REPS
NTU,sbs_01,N-LIO,false,N/A (camera off),1;1;1,3,3,0.0277659364,0.0,0.0277659364,0.0277659364,0.0277659364,34.43359882400001,5.345215283540224,37.80176594800003,137.01405566566672,20.052326322174967,150.7235988320001,39.72063333333333,7.151186898845688,42.0289,1847.7838541666667,1.9323644907099171,1847.9296875,1847.6692708333333,2.078120920787559,1847.9296875,1828.4127604166667,1.6212212733267262,1827.90625,1828.2473958333333,1.7999320005594412,1827.90625,1825.4765625,1.6916392858134064,1825.12109375,1825.3346354166667,1.8528485702927167,1825.12109375,0;0;0,0;0;0,0;0;0,3540;3540;3540,hku-mars/FAST-LIVO2@0d2c0346107b75b59934975adec9a6eeeb913c64:config/NTU_VIRAL.yaml,c8f94f130e599b928c3f02c3f3d3b2009ae01df76aec32f6ac96b6a987311ef3,76e7349c106135cd6afbc042251d9d81688d5aac5b6fd3976c429616ab764263,0f4881acffd3a6958b1bf67ae07363a84b563d1a,P15-sbs_01-N-LIO-r1;P15-sbs_01-N-LIO-r2;P15-sbs_01-N-LIO-r3,VALID_3_REPS
NTU,sbs_01,P-LIO,false,N/A (camera off),1;1;1,3,3,0.025729330675,0.0,0.025729330675,0.025729330675,0.025729330675,23.961580546666642,3.6813260285509877,24.892285879000013,90.35615508866681,13.693320025667063,94.3029362410001,27.835700000000003,4.208527783758434,28.8611,302.1953125,1.671412513913506,303.1015625,300.8411458333333,1.136767222859198,301.46484375,282.4303385416667,1.235162883249855,282.4775390625,281.0514322916667,0.8255353378802656,280.8681640625,279.4114583333333,1.3156635567720403,279.5703125,278.1028645833333,0.8928855479732629,278.03125,0;0;0,0;0;0,0;0;0,3536;3536;3536,hku-mars/FAST-LIVO2@0d2c0346107b75b59934975adec9a6eeeb913c64:config/NTU_VIRAL.yaml,c8f94f130e599b928c3f02c3f3d3b2009ae01df76aec32f6ac96b6a987311ef3,76e7349c106135cd6afbc042251d9d81688d5aac5b6fd3976c429616ab764263,00f12463d520d5ac7297f62385f56757d56a029c,P15-sbs_01-P-LIO-r1;P15-sbs_01-P-LIO-r2;P15-sbs_01-P-LIO-r3,VALID_3_REPS
NTU,sbs_01,N-LIVO-STRIDE,true,1,1;1;1,3,3,0.028969445734,4.584171588897735e-05,0.028938280152,0.028935797191,0.029034259859,61.12733864300001,8.8033567320768,63.64541644300006,222.22092254533274,34.46669558157708,233.36628032899898,66.73206666666665,9.68026744029087,69.0872,3398.0950520833335,1.832905112453637,3397.16015625,3398.0950520833335,1.832905112453637,3397.16015625,3379.1022135416665,1.40365028734509,3378.8447265625,3379.1022135416665,1.40365028734509,3378.8447265625,3376.59765625,1.5491749526293557,3377.33984375,3376.59765625,1.5491749526293557,3377.33984375,3538;3538;3538,3537;3537;3537,0;0;0,3538;3538;3538,hku-mars/FAST-LIVO2@0d2c0346107b75b59934975adec9a6eeeb913c64:config/NTU_VIRAL.yaml,c8f94f130e599b928c3f02c3f3d3b2009ae01df76aec32f6ac96b6a987311ef3,a02de9fde32902582637605791cdf050028efa3b54171d07a92b216f289b5d90,0f4881acffd3a6958b1bf67ae07363a84b563d1a,P15-sbs_01-N-LIVO-r1;P15-sbs_01-N-LIVO-r2;P15-sbs_01-N-LIVO-r3,VALID_3_REPS
NTU,sbs_01,P-LIVO-STRIDE,true,1,1;1;1,3,3,0.029509390520333332,2.84334747978882e-09,0.029509392195,0.029509386517,0.029509392849,50.62217764366673,7.555613163276504,53.9555728329999,175.4076254089999,25.86301430458929,186.56224027799928,54.946799999999996,8.160608924992465,58.3888,1885.73046875,5.382554533912952,1882.1015625,1885.73046875,5.382554533912952,1882.1015625,1866.9697265625,5.251035497361988,1864.7412109375,1866.9697265625,5.251035497361988,1864.7412109375,1864.5872395833333,5.074612500493504,1863.28125,1864.5872395833333,5.074612500493504,1863.28125,3534;3534;3534,3532;3532;3532,0;0;0,3534;3534;3534,hku-mars/FAST-LIVO2@0d2c0346107b75b59934975adec9a6eeeb913c64:config/NTU_VIRAL.yaml,c8f94f130e599b928c3f02c3f3d3b2009ae01df76aec32f6ac96b6a987311ef3,a02de9fde32902582637605791cdf050028efa3b54171d07a92b216f289b5d90,00f12463d520d5ac7297f62385f56757d56a029c,P15-sbs_01-P-LIVO-r1;P15-sbs_01-P-LIVO-r2;P15-sbs_01-P-LIVO-r3,VALID_3_REPS
NTU,sbs_02,N-LIO,false,N/A (camera off),1;1;1,3,3,0.026968429626,0.0,0.026968429626,0.026968429626,0.026968429626,41.78272550866664,12.386176082538512,38.30630001300003,166.06218556066702,46.44948243306554,153.85914411400037,47.97506666666667,15.841961512458685,42.4743,1807.1627604166667,1.0078848353670409,1806.51953125,1806.0390625,1.80882855972133,1804.97265625,1787.8180338541667,0.9326904126103592,1787.1845703125,1786.7841796875,1.6703446178482673,1785.79296875,1784.8997395833333,0.9716351386528436,1784.4453125,1783.9127604166667,1.6898383121027725,1783.17578125,0;0;0,0;0;0,0;0;0,3729;3729;3729,hku-mars/FAST-LIVO2@0d2c0346107b75b59934975adec9a6eeeb913c64:config/NTU_VIRAL.yaml,c8f94f130e599b928c3f02c3f3d3b2009ae01df76aec32f6ac96b6a987311ef3,76e7349c106135cd6afbc042251d9d81688d5aac5b6fd3976c429616ab764263,0f4881acffd3a6958b1bf67ae07363a84b563d1a,P15-sbs_02-N-LIO-r1;P15-sbs_02-N-LIO-r2;P15-sbs_02-N-LIO-r3,VALID_3_REPS
NTU,sbs_02,P-LIO,false,N/A (camera off),1;1;1,3,3,0.024137094562999995,0.0,0.024137094563,0.024137094563,0.024137094563,24.91761807566662,3.8619041214301792,25.855050397000003,93.82054283333365,14.629025334218356,97.76676758400048,29.026266666666668,4.3920737048561564,30.3681,303.5755208333333,0.3848575970520532,303.41796875,303.2109375,0.7272132502424066,303.203125,283.9560546875,0.5765811134924539,284.2333984375,283.5537109375,0.6580514553864294,283.1533203125,280.9322916666667,0.5585193836472663,281.0546875,280.5533854166667,0.711569182890835,280.1953125,0;0;0,0;0;0,0;0;0,3725;3725;3725,hku-mars/FAST-LIVO2@0d2c0346107b75b59934975adec9a6eeeb913c64:config/NTU_VIRAL.yaml,c8f94f130e599b928c3f02c3f3d3b2009ae01df76aec32f6ac96b6a987311ef3,76e7349c106135cd6afbc042251d9d81688d5aac5b6fd3976c429616ab764263,00f12463d520d5ac7297f62385f56757d56a029c,P15-sbs_02-P-LIO-r1;P15-sbs_02-P-LIO-r2;P15-sbs_02-P-LIO-r3,VALID_3_REPS
NTU,sbs_02,N-LIVO-STRIDE,true,1,1;1;1,3,3,0.028705831946333332,1.8302242500955594e-05,0.02871816332,0.028679958113,0.028719374406,69.31925079800003,8.501024966297859,73.30278315499982,246.80344119733334,33.08439438354722,262.94845043099934,74.85950000000001,9.44897489995608,78.995,3495.21875,2.510129624625365,3496.63671875,3495.21875,2.510129624625365,3496.63671875,3475.8424479166665,2.3890055349491752,3477.099609375,3475.8424479166665,2.3890055349491752,3477.099609375,3472.8450520833335,2.488479177872822,3474.16796875,3472.8450520833335,2.488479177872822,3474.16796875,3728;3728;3728,3727;3727;3727,0;0;0,3728;3728;3728,hku-mars/FAST-LIVO2@0d2c0346107b75b59934975adec9a6eeeb913c64:config/NTU_VIRAL.yaml,c8f94f130e599b928c3f02c3f3d3b2009ae01df76aec32f6ac96b6a987311ef3,a02de9fde32902582637605791cdf050028efa3b54171d07a92b216f289b5d90,0f4881acffd3a6958b1bf67ae07363a84b563d1a,P15-sbs_02-N-LIVO-r1;P15-sbs_02-N-LIVO-r2;P15-sbs_02-N-LIVO-r3,VALID_3_REPS
NTU,sbs_02,P-LIVO-STRIDE,true,1,1;1;1,3,3,0.028533867426,6.501818166235642e-06,0.028538462468,0.028524672467,0.028538467343,56.83482778266668,9.61621184112596,58.48136029899999,197.1137852413334,33.249172824594304,204.41963774899898,62.532399999999996,8.600934775166401,63.0818,1999.0052083333333,3.126452028109688,1997.0390625,1998.9140625,2.997817199060739,1997.0390625,1979.5452473958333,3.0569771859992585,1977.630859375,1979.4501953125,2.9228488978611584,1977.630859375,1976.5377604166667,3.0716827501444097,1974.50390625,1976.4661458333333,2.97047361788317,1974.50390625,3724;3724;3724,3722;3722;3722,0;0;0,3724;3724;3724,hku-mars/FAST-LIVO2@0d2c0346107b75b59934975adec9a6eeeb913c64:config/NTU_VIRAL.yaml,c8f94f130e599b928c3f02c3f3d3b2009ae01df76aec32f6ac96b6a987311ef3,a02de9fde32902582637605791cdf050028efa3b54171d07a92b216f289b5d90,00f12463d520d5ac7297f62385f56757d56a029c,P15-sbs_02-P-LIVO-r1;P15-sbs_02-P-LIVO-r2;P15-sbs_02-P-LIVO-r3,VALID_3_REPS
NTU,sbs_03,N-LIO,false,N/A (camera off),1;1;1,3,3,0.033383139769,0.0,0.033383139769,0.033383139769,0.033383139769,33.0967015023333,4.1400552428640545,30.43659770400003,133.55659105400005,16.164950201280938,123.32617297099969,36.90886666666666,4.467765795363745,33.9449,1806.6184895833333,0.7462221293709047,1806.4375,1806.6184895833333,0.7462221293709047,1806.4375,1787.8017578125,1.0799795224167532,1788.224609375,1787.8017578125,1.0799795224167532,1788.224609375,1785.390625,1.6639555178834533,1785.32421875,1785.390625,1.6639555178834533,1785.32421875,0;0;0,0;0;0,0;0;0,3891;3891;3891,hku-mars/FAST-LIVO2@0d2c0346107b75b59934975adec9a6eeeb913c64:config/NTU_VIRAL.yaml,c8f94f130e599b928c3f02c3f3d3b2009ae01df76aec32f6ac96b6a987311ef3,76e7349c106135cd6afbc042251d9d81688d5aac5b6fd3976c429616ab764263,0f4881acffd3a6958b1bf67ae07363a84b563d1a,P15-sbs_03-N-LIO-r1;P15-sbs_03-N-LIO-r2;P15-sbs_03-N-LIO-r3,VALID_3_REPS
NTU,sbs_03,P-LIO,false,N/A (camera off),1;1;1,3,3,0.025554175775000004,0.0,0.025554175775,0.025554175775,0.025554175775,24.790498697666663,4.424269403197476,22.32387880700002,93.2867343436668,16.49519701212959,84.06466112400028,28.903366666666667,5.256886417093509,25.8934,326.3697916666667,0.9838702271717193,326.48046875,325.4205729166667,0.2937980161702178,325.33203125,306.5843098958333,0.8783245808637606,306.84765625,305.5621744791667,0.40997975906816986,305.4013671875,303.58984375,0.857247603540565,303.83984375,302.6145833333333,0.41483974482791414,302.4375,0;0;0,0;0;0,0;0;0,3887;3887;3887,hku-mars/FAST-LIVO2@0d2c0346107b75b59934975adec9a6eeeb913c64:config/NTU_VIRAL.yaml,c8f94f130e599b928c3f02c3f3d3b2009ae01df76aec32f6ac96b6a987311ef3,76e7349c106135cd6afbc042251d9d81688d5aac5b6fd3976c429616ab764263,00f12463d520d5ac7297f62385f56757d56a029c,P15-sbs_03-P-LIO-r1;P15-sbs_03-P-LIO-r2;P15-sbs_03-P-LIO-r3,VALID_3_REPS
NTU,sbs_03,N-LIVO-STRIDE,true,1,1;1;1,3,3,0.03116380191066667,1.223072150058381e-05,0.031160892349,0.031150490627,0.031180022756,66.70733335066666,8.67446642913723,71.71441875199973,239.79411373666696,33.83169265314818,258.80989998900003,74.03273333333334,10.86428013456125,78.2853,3515.2825520833335,23.995147709060763,3531.83984375,3515.2825520833335,23.995147709060763,3531.83984375,3496.4895833333335,22.797273535495304,3511.8955078125,3496.4895833333335,22.797273535495304,3511.8955078125,3494.1002604166665,22.01020676403995,3508.93359375,3494.1002604166665,22.01020676403995,3508.93359375,3890;3890;3890,3888;3888;3888,0;0;0,3889;3889;3889,hku-mars/FAST-LIVO2@0d2c0346107b75b59934975adec9a6eeeb913c64:config/NTU_VIRAL.yaml,c8f94f130e599b928c3f02c3f3d3b2009ae01df76aec32f6ac96b6a987311ef3,a02de9fde32902582637605791cdf050028efa3b54171d07a92b216f289b5d90,0f4881acffd3a6958b1bf67ae07363a84b563d1a,P15-sbs_03-N-LIVO-r1;P15-sbs_03-N-LIVO-r2;P15-sbs_03-N-LIVO-r3,VALID_3_REPS
NTU,sbs_03,P-LIVO-STRIDE,true,1,1;1;1,3,3,0.028207537685000002,2.8437145706218692e-05,0.028222274762,0.028167763579,0.028232574714,52.519498879333305,7.112996249992707,50.16648002099971,181.76142718533322,24.099366496292056,173.24531034300014,56.80853333333334,7.555262919022447,54.2953,2076.2213541666665,3.042752842771851,2076.203125,2076.2213541666665,3.042752842771851,2076.203125,2056.7347005208335,2.979963822852823,2056.9365234375,2056.7347005208335,2.979963822852823,2056.9365234375,2053.8059895833335,3.0101711080645215,2053.98046875,2053.8059895833335,3.0101711080645215,2053.98046875,3885;3885;3885,3883;3883;3883,0;0;0,3885;3885;3885,hku-mars/FAST-LIVO2@0d2c0346107b75b59934975adec9a6eeeb913c64:config/NTU_VIRAL.yaml,c8f94f130e599b928c3f02c3f3d3b2009ae01df76aec32f6ac96b6a987311ef3,a02de9fde32902582637605791cdf050028efa3b54171d07a92b216f289b5d90,00f12463d520d5ac7297f62385f56757d56a029c,P15-sbs_03-P-LIVO-r1;P15-sbs_03-P-LIVO-r2;P15-sbs_03-P-LIVO-r3,VALID_3_REPS
OXFORD,Church_05,N-LIO,false,N/A (camera off),1;1;1,3,3,0.16780000000000003,0.0,0.1678,0.1678,0.1678,111.577683916,2.954499342657395,111.58307585500023,377.8640560803333,9.376320865086562,378.3063534799989,127.80999999999999,3.3482085757411597,127.445,996.4375,1.9172671939087003,995.26953125,996.3958333333334,1.8585277233321265,995.26953125,975.5546875,1.0710289406640274,975.1845703125,975.4895833333334,0.9827830310386662,975.1845703125,972.7994791666666,1.6970167525071551,971.90234375,972.7578125,1.6386924381655765,971.90234375,0;0;0,0;0;0,0;0;0,8005;8005;8005,ori-drs/FAST-LIVO2@f2c9abb72f82359bcb9190e31b8faa6b6b7b9a64:config/oxford_spires.yaml,1d49d420012c8d984cc354a88ee82c8bb59ebd523cc696b504cca8e737e60c7e,013beef79fcb75fdd6680d3d107a235e9904afbac1d6cb17e57790c9c8e67420,ea7702b871bff8c6e6c2d5a2bdc3e6d29d670491,P22-Church_05-N-LIO-r1-retry_cpu_affinity;P22-Church_05-N-LIO-r2-retry_cpu_affinity;P22-Church_05-N-LIO-r3-retry_cpu_affinity,VALID_3_REPS
OXFORD,Church_05,P-LIO,false,N/A (camera off),1;1;1,3,3,0.244,0.0,0.244,0.244,0.244,109.9790140066666,4.3427721472524095,107.44054220200016,380.47567723366654,14.49337275877149,372.2917387529999,127.82466666666666,4.957542827741272,124.902,824.0885416666666,0.8433962735900341,823.5,820.078125,0.8398407218937658,819.50390625,803.5693359375,0.06800035932857344,803.5771484375,799.5322265625,0.057426525109332646,799.5341796875,800.7799479166666,0.6863473805439297,800.32421875,796.8059895833334,0.6873248869472237,796.3515625,0;0;0,0;0;0,0;0;0,8001;8001;8001,ori-drs/FAST-LIVO2@f2c9abb72f82359bcb9190e31b8faa6b6b7b9a64:config/oxford_spires.yaml,1d49d420012c8d984cc354a88ee82c8bb59ebd523cc696b504cca8e737e60c7e,013beef79fcb75fdd6680d3d107a235e9904afbac1d6cb17e57790c9c8e67420,cc3814ad80dc0ee7b2ffb84750e35ba4cb3f1449,P22-Church_05-P-LIO-r1-retry_cpu_affinity;P22-Church_05-P-LIO-r2-retry_cpu_affinity;P22-Church_05-P-LIO-r3-retry_cpu_affinity,VALID_3_REPS
OXFORD,Church_05,N-LIVO-STRIDE,true,1,1;1;1,3,3,0.14293333333333333,0.0024458581770458866,0.1438,0.1396,0.1454,125.90937998599979,0.6469313527309343,126.06076811199964,321.9967125033332,2.0288429694617003,322.35404902499846,182.987,0.5843269632662794,183.004,8065.604166666667,13.315513910427367,8059.9609375,8064.274739583333,13.994362680087708,8055.97265625,8046.028971354167,13.627331743190902,8040.1572265625,8044.709309895833,14.30680305860339,8036.1982421875,8042.83984375,13.605733986612156,8036.87890625,8041.53515625,14.285472955027709,8032.96484375,3960;3960;3960,3959;3959;3959,0;0;0,3959;3959;3959,ori-drs/FAST-LIVO2@f2c9abb72f82359bcb9190e31b8faa6b6b7b9a64:config/oxford_spires.yaml,1d49d420012c8d984cc354a88ee82c8bb59ebd523cc696b504cca8e737e60c7e,860ff168e9b2e89f291e4aeb0d741ce822e18ff2bc6cd57a37f7d58da4a7ddc0,ea7702b871bff8c6e6c2d5a2bdc3e6d29d670491,P22-Church_05-N-LIVO-STRIDE-r1-retry_cpu_affinity;P22-Church_05-N-LIVO-STRIDE-r2-retry_cpu_affinity;P22-Church_05-N-LIVO-STRIDE-r3-retry_cpu_affinity,VALID_3_REPS
OXFORD,Church_05,P-LIVO-STRIDE,true,1,1;1;1,3,3,0.22993333333333332,0.00368178700572909,0.2296,0.2256,0.2346,248.24985053266641,11.982885264238547,241.765377821001,549.6720697069982,34.879779572376556,531.4247369900033,310.07,17.106095541258576,300.753,8098.932291666667,5.511847787931592,8096.4609375,8098.932291666667,5.511847787931592,8096.4609375,8080.0009765625,5.102417294450161,8076.423828125,8080.0009765625,5.102417294450161,8076.423828125,8077.4140625,4.711945804890923,8075.046875,8077.4140625,4.711945804890923,8075.046875,3956;3956;3956,3953;3954;3954,0;0;0,3956;3956;3956,ori-drs/FAST-LIVO2@f2c9abb72f82359bcb9190e31b8faa6b6b7b9a64:config/oxford_spires.yaml,1d49d420012c8d984cc354a88ee82c8bb59ebd523cc696b504cca8e737e60c7e,860ff168e9b2e89f291e4aeb0d741ce822e18ff2bc6cd57a37f7d58da4a7ddc0,cc3814ad80dc0ee7b2ffb84750e35ba4cb3f1449,P22-Church_05-P-LIVO-STRIDE-r1-retry_cpu_affinity;P22-Church_05-P-LIVO-STRIDE-r2-retry_cpu_affinity;P22-Church_05-P-LIVO-STRIDE-r3-retry_cpu_affinity,VALID_3_REPS
OXFORD,College_03,N-LIO,false,N/A (camera off),2;2;2,3,3,0.0481,0.0,0.0481,0.0481,0.0481,55.13910578599999,0.3388299088543807,55.26512166199991,139.73545169833324,1.2909758025668834,139.8483275399994,69.01633333333334,1.1341468638976566,69.1718,598.6002604166666,1.2130539859681695,597.8359375,593.46875,2.340788058962017,591.984375,578.5071614583334,1.3461448757631962,577.8671875,573.3723958333334,2.491410355159003,571.908203125,575.2786458333334,1.3187526741020807,574.7421875,570.20703125,2.4614727427194967,568.83203125,0;0;0,0;0;0,0;0;0,2865;2865;2865,ori-drs/FAST-LIVO2@f2c9abb72f82359bcb9190e31b8faa6b6b7b9a64:config/oxford_spires.yaml,1d49d420012c8d984cc354a88ee82c8bb59ebd523cc696b504cca8e737e60c7e,013beef79fcb75fdd6680d3d107a235e9904afbac1d6cb17e57790c9c8e67420,ea7702b871bff8c6e6c2d5a2bdc3e6d29d670491,P22-College_03-N-LIO-r1-retry_cpu_affinity;P22-College_03-N-LIO-r2-retry_cpu_affinity;P22-College_03-N-LIO-r3-retry_cpu_affinity,VALID_3_REPS
OXFORD,College_03,P-LIO,false,N/A (camera off),2;2;2,3,3,0.0748,0.0,0.0748,0.0748,0.0748,51.55477839100007,0.5212676912309867,51.368613524,174.3759556113333,2.3809131576574414,173.4242980569998,63.17026666666666,0.564864386871358,62.9277,645.9388020833334,2.122131406073643,647.25,641.9986979166666,0.6869992060193232,641.71484375,625.8912760416666,1.8023115245133876,627.12890625,621.9866536458334,0.9590968531995475,621.3310546875,622.6614583333334,1.790802503260972,623.91796875,618.7955729166666,0.9428575935014067,618.140625,0;0;0,0;0;0,0;0;0,2861;2861;2861,ori-drs/FAST-LIVO2@f2c9abb72f82359bcb9190e31b8faa6b6b7b9a64:config/oxford_spires.yaml,1d49d420012c8d984cc354a88ee82c8bb59ebd523cc696b504cca8e737e60c7e,013beef79fcb75fdd6680d3d107a235e9904afbac1d6cb17e57790c9c8e67420,cc3814ad80dc0ee7b2ffb84750e35ba4cb3f1449,P22-College_03-P-LIO-r1-retry_cpu_affinity;P22-College_03-P-LIO-r2-retry_cpu_affinity;P22-College_03-P-LIO-r3-retry_cpu_affinity,VALID_3_REPS
OXFORD,College_03,N-LIVO-STRIDE,true,2,2;2;2,3,3,0.07093333333333333,0.0028193773938387347,0.0711,0.0674,0.0743,83.59046370499993,0.7250909720640103,83.41535650699994,210.76850438766644,1.6572083337759789,210.7030136959989,124.40133333333334,0.901165664878307,124.472,5911.125,22.144137681536712,5915.8046875,5911.125,22.144137681536712,5915.8046875,5891.604817708333,22.37091325961248,5896.025390625,5891.604817708333,22.37091325961248,5896.025390625,5888.446614583333,22.32842622053543,5892.8125,5888.446614583333,22.32842622053543,5892.8125,2839;2839;2839,2837;2837;2837,0;0;0,2838;2838;2838,ori-drs/FAST-LIVO2@f2c9abb72f82359bcb9190e31b8faa6b6b7b9a64:config/oxford_spires.yaml,1d49d420012c8d984cc354a88ee82c8bb59ebd523cc696b504cca8e737e60c7e,860ff168e9b2e89f291e4aeb0d741ce822e18ff2bc6cd57a37f7d58da4a7ddc0,ea7702b871bff8c6e6c2d5a2bdc3e6d29d670491,P22-College_03-N-LIVO-STRIDE-r1-retry_cpu_affinity;P22-College_03-N-LIVO-STRIDE-r2-retry_cpu_affinity;P22-College_03-N-LIVO-STRIDE-r3-retry_cpu_affinity,VALID_3_REPS
OXFORD,College_03,P-LIVO-STRIDE,true,2,2;2;2,3,3,0.1825,0.12777566278442856,0.0929,0.0914,0.3632,125.12248130800002,0.16231355499648858,125.15379876700004,315.24119439366683,1.2176937962428094,314.9482973600006,167.411,0.3095362122057184,167.541,5975.255208333333,14.94947284745799,5967.79296875,5975.255208333333,14.94947284745799,5967.79296875,5955.5029296875,14.852337753607445,5948.5830078125,5955.5029296875,14.852337753607445,5948.5830078125,5952.3203125,14.873010838966522,5945.328125,5952.3203125,14.873010838966522,5945.328125,2834;2834;2834,2832;2831;2831,0;0;0,2834;2834;2834,ori-drs/FAST-LIVO2@f2c9abb72f82359bcb9190e31b8faa6b6b7b9a64:config/oxford_spires.yaml,1d49d420012c8d984cc354a88ee82c8bb59ebd523cc696b504cca8e737e60c7e,860ff168e9b2e89f291e4aeb0d741ce822e18ff2bc6cd57a37f7d58da4a7ddc0,cc3814ad80dc0ee7b2ffb84750e35ba4cb3f1449,P22-College_03-P-LIVO-STRIDE-r1-retry_cpu_affinity;P22-College_03-P-LIVO-STRIDE-r2-retry_cpu_affinity;P22-College_03-P-LIVO-STRIDE-r3-retry_cpu_affinity,VALID_3_REPS
OXFORD,Palace_01,N-LIO,false,N/A (camera off),2;2;2,3,3,0.0795,0.0,0.0795,0.0795,0.0795,70.21808171166667,0.4683099833186823,70.38225904800004,193.28559879866668,2.0245147328071833,194.2076419620001,85.41656666666667,0.25608354539529443,85.4487,953.43359375,0.22651759612481911,953.42578125,947.2669270833334,0.22813599906893378,947.2578125,933.3447265625,0.12290987330053109,933.408203125,927.1279296875,0.13196487714712477,927.181640625,930.1276041666666,0.13607861050821773,930.14453125,923.9739583333334,0.1391097961081961,923.98828125,0;0;0,0;0;0,0;0;0,4051;4051;4051,ori-drs/FAST-LIVO2@f2c9abb72f82359bcb9190e31b8faa6b6b7b9a64:config/oxford_spires.yaml,1d49d420012c8d984cc354a88ee82c8bb59ebd523cc696b504cca8e737e60c7e,013beef79fcb75fdd6680d3d107a235e9904afbac1d6cb17e57790c9c8e67420,ea7702b871bff8c6e6c2d5a2bdc3e6d29d670491,P22-Palace_01-N-LIO-r1-retry_cpu_affinity;P22-Palace_01-N-LIO-r2-retry_cpu_affinity;P22-Palace_01-N-LIO-r3-retry_cpu_affinity,VALID_3_REPS
OXFORD,Palace_01,P-LIO,false,N/A (camera off),2;2;2,3,3,0.1272,0.0,0.1272,0.1272,0.1272,64.75943805266657,1.0425278881994322,64.8756874589999,220.91360455699973,3.7463807494080843,222.02616287499956,79.13753333333334,1.107130712949273,79.2307,671.3671875,1.241413379070153,671.1796875,665.1875,1.2565866503212682,664.98828125,651.6357421875,0.9961917205701355,651.1728515625,645.3642578125,0.9995430856170647,644.9130859375,648.3802083333334,1.0000271263681912,648.0,642.1666666666666,0.9995336504821539,641.7890625,0;0;0,0;0;0,0;0;0,4047;4047;4047,ori-drs/FAST-LIVO2@f2c9abb72f82359bcb9190e31b8faa6b6b7b9a64:config/oxford_spires.yaml,1d49d420012c8d984cc354a88ee82c8bb59ebd523cc696b504cca8e737e60c7e,013beef79fcb75fdd6680d3d107a235e9904afbac1d6cb17e57790c9c8e67420,cc3814ad80dc0ee7b2ffb84750e35ba4cb3f1449,P22-Palace_01-P-LIO-r1-retry_cpu_affinity;P22-Palace_01-P-LIO-r2-retry_cpu_affinity;P22-Palace_01-P-LIO-r3-retry_cpu_affinity,VALID_3_REPS
OXFORD,Palace_01,N-LIVO-STRIDE,true,2,2;2;2,3,3,0.10313333333333334,0.000895668589502956,0.1035,0.1019,0.104,106.12952650433341,0.38770003535556474,106.32594606799992,274.01319239666776,0.17760923533473288,273.8991259830035,162.732,0.5190741758169056,162.989,8035.255208333333,21.64522982684008,8042.72265625,8035.255208333333,21.64522982684008,8042.72265625,8015.567057291667,21.696155331930804,8022.9228515625,8015.567057291667,21.696155331930804,8022.9228515625,8012.37890625,21.606146618403837,8019.7265625,8012.37890625,21.606146618403837,8019.7265625,4019;4019;4019,4017;4017;4017,0;0;0,4018;4018;4018,ori-drs/FAST-LIVO2@f2c9abb72f82359bcb9190e31b8faa6b6b7b9a64:config/oxford_spires.yaml,1d49d420012c8d984cc354a88ee82c8bb59ebd523cc696b504cca8e737e60c7e,860ff168e9b2e89f291e4aeb0d741ce822e18ff2bc6cd57a37f7d58da4a7ddc0,ea7702b871bff8c6e6c2d5a2bdc3e6d29d670491,P22-Palace_01-N-LIVO-STRIDE-r1-retry_cpu_affinity;P22-Palace_01-N-LIVO-STRIDE-r2-retry_cpu_affinity;P22-Palace_01-N-LIVO-STRIDE-r3-retry_cpu_affinity,VALID_3_REPS
OXFORD,Palace_01,P-LIVO-STRIDE,true,2,2;2;2,3,3,0.13076666666666667,0.00024944382578492424,0.1307,0.1305,0.1311,182.70914925233353,0.800112575249833,182.6219602160004,434.9095050263342,2.0569689696689424,434.9626195739988,240.85533333333333,0.8917422397880623,240.739,7891.600260416667,60.71581189257833,7890.3515625,7890.03125,60.78858314870658,7885.64453125,7871.943684895833,60.59893015101441,7870.30078125,7870.354166666667,60.68365778722359,7865.5322265625,7868.734375,60.59122023565116,7867.1015625,7867.158854166667,60.67458744531413,7862.375,4014;4014;4014,4012;4012;4011,0;0;0,4014;4014;4014,ori-drs/FAST-LIVO2@f2c9abb72f82359bcb9190e31b8faa6b6b7b9a64:config/oxford_spires.yaml,1d49d420012c8d984cc354a88ee82c8bb59ebd523cc696b504cca8e737e60c7e,860ff168e9b2e89f291e4aeb0d741ce822e18ff2bc6cd57a37f7d58da4a7ddc0,cc3814ad80dc0ee7b2ffb84750e35ba4cb3f1449,P22-Palace_01-P-LIVO-STRIDE-r1-retry_cpu_affinity;P22-Palace_01-P-LIVO-STRIDE-r2-retry_cpu_affinity;P22-Palace_01-P-LIVO-STRIDE-r3-retry_cpu_affinity,VALID_3_REPS
OXFORD,Quarter_01,N-LIO,false,N/A (camera off),2;2;2,3,3,0.04950000000000001,0.0,0.0495,0.0495,0.0495,65.69601956000004,0.42080736381133094,65.81307001200007,170.0584663509998,0.8441935368228481,170.1532118739993,79.70323333333333,0.545844821253158,79.8377,1069.5091145833333,7.840406106131951,1065.16796875,1062.9466145833333,8.937351086256996,1056.62890625,1049.33984375,7.642999135876939,1044.83203125,1042.732421875,8.810928962217666,1036.82421875,1046.08984375,7.657617729661085,1041.65625,1039.5455729166667,8.822782152900224,1033.55859375,0;0;0,0;0;0,0;0;0,2893;2893;2893,ori-drs/FAST-LIVO2@f2c9abb72f82359bcb9190e31b8faa6b6b7b9a64:config/oxford_spires.yaml,1d49d420012c8d984cc354a88ee82c8bb59ebd523cc696b504cca8e737e60c7e,013beef79fcb75fdd6680d3d107a235e9904afbac1d6cb17e57790c9c8e67420,ea7702b871bff8c6e6c2d5a2bdc3e6d29d670491,P22-Quarter_01-N-LIO-r1-retry_cpu_affinity;P22-Quarter_01-N-LIO-r2-retry_cpu_affinity;P22-Quarter_01-N-LIO-r3-retry_cpu_affinity,VALID_3_REPS
OXFORD,Quarter_01,P-LIO,false,N/A (camera off),2;2;2,3,3,0.051,0.0,0.051,0.051,0.051,59.23451305999998,0.2670353022844063,59.389697412999865,202.44685071066704,1.0288200131012846,203.08826936600022,71.3236,0.2942755284876152,71.5007,540.91015625,0.25747689646556965,541.01953125,534.9453125,0.25747689646556965,535.0546875,521.2171223958334,0.08869830469123875,521.189453125,515.0927734375,0.0868463716974879,515.08203125,517.96484375,0.09773434377497503,518.015625,511.9036458333333,0.09842578744252217,511.95703125,0;0;0,0;0;0,0;0;0,2889;2889;2889,ori-drs/FAST-LIVO2@f2c9abb72f82359bcb9190e31b8faa6b6b7b9a64:config/oxford_spires.yaml,1d49d420012c8d984cc354a88ee82c8bb59ebd523cc696b504cca8e737e60c7e,013beef79fcb75fdd6680d3d107a235e9904afbac1d6cb17e57790c9c8e67420,cc3814ad80dc0ee7b2ffb84750e35ba4cb3f1449,P22-Quarter_01-P-LIO-r1-retry_cpu_affinity;P22-Quarter_01-P-LIO-r2-retry_cpu_affinity;P22-Quarter_01-P-LIO-r3-retry_cpu_affinity,VALID_3_REPS
OXFORD,Quarter_01,N-LIVO-STRIDE,true,2,2;2;2,3,3,0.0472,0.0002943920288775947,0.0473,0.0468,0.0475,94.58981735933328,2.6953630797332937,92.98806724700023,237.46995895166626,7.211068806027761,234.36916529699832,137.217,4.088430098053126,134.762,6005.661458333333,29.922990475925904,5998.55078125,6005.661458333333,29.922990475925904,5998.55078125,5985.654947916667,29.97698140613169,5979.1240234375,5985.654947916667,29.97698140613169,5979.1240234375,5982.45703125,29.993344903918114,5975.859375,5982.45703125,29.993344903918114,5975.859375,2871;2871;2871,2869;2869;2869,0;0;0,2870;2870;2870,ori-drs/FAST-LIVO2@f2c9abb72f82359bcb9190e31b8faa6b6b7b9a64:config/oxford_spires.yaml,1d49d420012c8d984cc354a88ee82c8bb59ebd523cc696b504cca8e737e60c7e,860ff168e9b2e89f291e4aeb0d741ce822e18ff2bc6cd57a37f7d58da4a7ddc0,ea7702b871bff8c6e6c2d5a2bdc3e6d29d670491,P22-Quarter_01-N-LIVO-STRIDE-r1-retry_cpu_affinity;P22-Quarter_01-N-LIVO-STRIDE-r2-retry_cpu_affinity;P22-Quarter_01-N-LIVO-STRIDE-r3-retry_cpu_affinity,VALID_3_REPS
OXFORD,Quarter_01,P-LIVO-STRIDE,true,2,2;2;2,3,3,0.06493333333333333,0.0014522013940527962,0.0657,0.0629,0.0662,130.62616655366676,0.5839609989145331,130.89599176000027,339.65249310233406,1.8795807675048306,340.90217574200085,174.414,0.6326362830779285,174.208,6072.3359375,34.037219301379224,6093.30078125,6071.7734375,33.59675237915761,6093.30078125,6053.343424479167,33.49781052312636,6074.31640625,6052.778971354167,33.061308853944645,6074.31640625,6050.66015625,32.74064972553034,6071.0859375,6050.111979166667,32.31554308822312,6071.0859375,2866;2866;2866,2864;2864;2864,0;0;0,2866;2866;2866,ori-drs/FAST-LIVO2@f2c9abb72f82359bcb9190e31b8faa6b6b7b9a64:config/oxford_spires.yaml,1d49d420012c8d984cc354a88ee82c8bb59ebd523cc696b504cca8e737e60c7e,860ff168e9b2e89f291e4aeb0d741ce822e18ff2bc6cd57a37f7d58da4a7ddc0,cc3814ad80dc0ee7b2ffb84750e35ba4cb3f1449,P22-Quarter_01-P-LIVO-STRIDE-r1-retry_cpu_affinity;P22-Quarter_01-P-LIVO-STRIDE-r2-retry_cpu_affinity;P22-Quarter_01-P-LIVO-STRIDE-r3-retry_cpu_affinity,VALID_3_REPS
