execution_index,slot_id,dataset,sequence,variant,repetition,order_block,position_in_block,status,replaces_run_id,actual_run_id,notes
1,P15-eee_01-N-LIO-r1,NTU,eee_01,N-LIO,1,1,1,PENDING,,,
2,P15-eee_01-P-LIO-r1,NTU,eee_01,P-LIO,1,1,2,PENDING,,,
3,P15-eee_01-N-LIVO-r1,NTU,eee_01,N-LIVO,1,1,3,PENDING,,,
4,P15-eee_01-P-LIVO-r1,NTU,eee_01,P-LIVO,1,1,4,PENDING,,,
5,P15-eee_02-P-LIO-r1,NTU,eee_02,P-LIO,1,2,1,PENDING,,,
6,P15-eee_02-N-LIVO-r1,NTU,eee_02,N-LIVO,1,2,2,PENDING,,,
7,P15-eee_02-P-LIVO-r1,NTU,eee_02,P-LIVO,1,2,3,PENDING,,,
8,P15-eee_02-N-LIO-r1,NTU,eee_02,N-LIO,1,2,4,PENDING,,,
9,P15-eee_03-N-LIVO-r1,NTU,eee_03,N-LIVO,1,3,1,PENDING,,,
10,P15-eee_03-P-LIVO-r1,NTU,eee_03,P-LIVO,1,3,2,PENDING,,,
11,P15-eee_03-N-LIO-r1,NTU,eee_03,N-LIO,1,3,3,PENDING,,,
12,P15-eee_03-P-LIO-r1,NTU,eee_03,P-LIO,1,3,4,PENDING,,,
13,P15-nya_01-P-LIVO-r1,NTU,nya_01,P-LIVO,1,4,1,PENDING,,,
14,P15-nya_01-N-LIO-r1,NTU,nya_01,N-LIO,1,4,2,PENDING,,,
15,P15-nya_01-P-LIO-r1,NTU,nya_01,P-LIO,1,4,3,PENDING,,,
16,P15-nya_01-N-LIVO-r1,NTU,nya_01,N-LIVO,1,4,4,PENDING,,,
17,P15-nya_02-N-LIO-r1,NTU,nya_02,N-LIO,1,5,1,PENDING,,,
18,P15-nya_02-P-LIO-r1,NTU,nya_02,P-LIO,1,5,2,PENDING,,,
19,P15-nya_02-N-LIVO-r1,NTU,nya_02,N-LIVO,1,5,3,PENDING,,,
20,P15-nya_02-P-LIVO-r1,NTU,nya_02,P-LIVO,1,5,4,PENDING,,,
21,P15-nya_03-P-LIO-r1,NTU,nya_03,P-LIO,1,6,1,PENDING,,,
22,P15-nya_03-N-LIVO-r1,NTU,nya_03,N-LIVO,1,6,2,PENDING,,,
23,P15-nya_03-P-LIVO-r1,NTU,nya_03,P-LIVO,1,6,3,PENDING,,,
24,P15-nya_03-N-LIO-r1,NTU,nya_03,N-LIO,1,6,4,PENDING,,,
25,P15-sbs_01-N-LIVO-r1,NTU,sbs_01,N-LIVO,1,7,1,PENDING,,,
26,P15-sbs_01-P-LIVO-r1,NTU,sbs_01,P-LIVO,1,7,2,PENDING,,,
27,P15-sbs_01-N-LIO-r1,NTU,sbs_01,N-LIO,1,7,3,PENDING,,,
28,P15-sbs_01-P-LIO-r1,NTU,sbs_01,P-LIO,1,7,4,PENDING,,,
29,P15-sbs_02-P-LIVO-r1,NTU,sbs_02,P-LIVO,1,8,1,PENDING,,,
30,P15-sbs_02-N-LIO-r1,NTU,sbs_02,N-LIO,1,8,2,PENDING,,,
31,P15-sbs_02-P-LIO-r1,NTU,sbs_02,P-LIO,1,8,3,PENDING,,,
32,P15-sbs_02-N-LIVO-r1,NTU,sbs_02,N-LIVO,1,8,4,PENDING,,,
33,P15-sbs_03-N-LIO-r1,NTU,sbs_03,N-LIO,1,9,1,PENDING,,,
34,P15-sbs_03-P-LIO-r1,NTU,sbs_03,P-LIO,1,9,2,PENDING,,,
35,P15-sbs_03-N-LIVO-r1,NTU,sbs_03,N-LIVO,1,9,3,PENDING,,,
36,P15-sbs_03-P-LIVO-r1,NTU,sbs_03,P-LIVO,1,9,4,PENDING,,,
37,P15-Church_05-P-LIO-r1,OXFORD,Church_05,P-LIO,1,10,1,PENDING,,,
38,P15-Church_05-N-LIVO-r1,OXFORD,Church_05,N-LIVO,1,10,2,PENDING,,,
39,P15-Church_05-P-LIVO-r1,OXFORD,Church_05,P-LIVO,1,10,3,PENDING,,,
40,P15-Church_05-N-LIO-r1,OXFORD,Church_05,N-LIO,1,10,4,PENDING,,,
41,P15-College_03-N-LIVO-r1,OXFORD,College_03,N-LIVO,1,11,1,PENDING,,,
42,P15-College_03-P-LIVO-r1,OXFORD,College_03,P-LIVO,1,11,2,PENDING,,,
43,P15-College_03-N-LIO-r1,OXFORD,College_03,N-LIO,1,11,3,PENDING,,,
44,P15-College_03-P-LIO-r1,OXFORD,College_03,P-LIO,1,11,4,PENDING,,,
45,P15-Palace_01-P-LIVO-r1,OXFORD,Palace_01,P-LIVO,1,12,1,PENDING,,,
46,P15-Palace_01-N-LIO-r1,OXFORD,Palace_01,N-LIO,1,12,2,PENDING,,,
47,P15-Palace_01-P-LIO-r1,OXFORD,Palace_01,P-LIO,1,12,3,PENDING,,,
48,P15-Palace_01-N-LIVO-r1,OXFORD,Palace_01,N-LIVO,1,12,4,PENDING,,,
49,P15-Quarter_01-N-LIO-r1,OXFORD,Quarter_01,N-LIO,1,13,1,PENDING,,,
50,P15-Quarter_01-P-LIO-r1,OXFORD,Quarter_01,P-LIO,1,13,2,PENDING,,,
51,P15-Quarter_01-N-LIVO-r1,OXFORD,Quarter_01,N-LIVO,1,13,3,PENDING,,,
52,P15-Quarter_01-P-LIVO-r1,OXFORD,Quarter_01,P-LIVO,1,13,4,PENDING,,,
53,P15-nya_02-P-LIO-r2,NTU,nya_02,P-LIO,2,14,1,PENDING,,,
54,P15-nya_02-N-LIVO-r2,NTU,nya_02,N-LIVO,2,14,2,PENDING,,,
55,P15-nya_02-P-LIVO-r2,NTU,nya_02,P-LIVO,2,14,3,PENDING,,,
56,P15-nya_02-N-LIO-r2,NTU,nya_02,N-LIO,2,14,4,PENDING,,,
57,P15-nya_03-N-LIVO-r2,NTU,nya_03,N-LIVO,2,15,1,PENDING,,,
58,P15-nya_03-P-LIVO-r2,NTU,nya_03,P-LIVO,2,15,2,PENDING,,,
59,P15-nya_03-N-LIO-r2,NTU,nya_03,N-LIO,2,15,3,PENDING,,,
60,P15-nya_03-P-LIO-r2,NTU,nya_03,P-LIO,2,15,4,PENDING,,,
61,P15-sbs_01-P-LIVO-r2,NTU,sbs_01,P-LIVO,2,16,1,PENDING,,,
62,P15-sbs_01-N-LIO-r2,NTU,sbs_01,N-LIO,2,16,2,PENDING,,,
63,P15-sbs_01-P-LIO-r2,NTU,sbs_01,P-LIO,2,16,3,PENDING,,,
64,P15-sbs_01-N-LIVO-r2,NTU,sbs_01,N-LIVO,2,16,4,PENDING,,,
65,P15-sbs_02-N-LIO-r2,NTU,sbs_02,N-LIO,2,17,1,PENDING,,,
66,P15-sbs_02-P-LIO-r2,NTU,sbs_02,P-LIO,2,17,2,PENDING,,,
67,P15-sbs_02-N-LIVO-r2,NTU,sbs_02,N-LIVO,2,17,3,PENDING,,,
68,P15-sbs_02-P-LIVO-r2,NTU,sbs_02,P-LIVO,2,17,4,PENDING,,,
69,P15-sbs_03-P-LIO-r2,NTU,sbs_03,P-LIO,2,18,1,PENDING,,,
70,P15-sbs_03-N-LIVO-r2,NTU,sbs_03,N-LIVO,2,18,2,PENDING,,,
71,P15-sbs_03-P-LIVO-r2,NTU,sbs_03,P-LIVO,2,18,3,PENDING,,,
72,P15-sbs_03-N-LIO-r2,NTU,sbs_03,N-LIO,2,18,4,PENDING,,,
73,P15-Church_05-N-LIVO-r2,OXFORD,Church_05,N-LIVO,2,19,1,PENDING,,,
74,P15-Church_05-P-LIVO-r2,OXFORD,Church_05,P-LIVO,2,19,2,PENDING,,,
75,P15-Church_05-N-LIO-r2,OXFORD,Church_05,N-LIO,2,19,3,PENDING,,,
76,P15-Church_05-P-LIO-r2,OXFORD,Church_05,P-LIO,2,19,4,PENDING,,,
77,P15-College_03-P-LIVO-r2,OXFORD,College_03,P-LIVO,2,20,1,PENDING,,,
78,P15-College_03-N-LIO-r2,OXFORD,College_03,N-LIO,2,20,2,PENDING,,,
79,P15-College_03-P-LIO-r2,OXFORD,College_03,P-LIO,2,20,3,PENDING,,,
80,P15-College_03-N-LIVO-r2,OXFORD,College_03,N-LIVO,2,20,4,PENDING,,,
81,P15-Palace_01-N-LIO-r2,OXFORD,Palace_01,N-LIO,2,21,1,PENDING,,,
82,P15-Palace_01-P-LIO-r2,OXFORD,Palace_01,P-LIO,2,21,2,PENDING,,,
83,P15-Palace_01-N-LIVO-r2,OXFORD,Palace_01,N-LIVO,2,21,3,PENDING,,,
84,P15-Palace_01-P-LIVO-r2,OXFORD,Palace_01,P-LIVO,2,21,4,PENDING,,,
85,P15-Quarter_01-P-LIO-r2,OXFORD,Quarter_01,P-LIO,2,22,1,PENDING,,,
86,P15-Quarter_01-N-LIVO-r2,OXFORD,Quarter_01,N-LIVO,2,22,2,PENDING,,,
87,P15-Quarter_01-P-LIVO-r2,OXFORD,Quarter_01,P-LIVO,2,22,3,PENDING,,,
88,P15-Quarter_01-N-LIO-r2,OXFORD,Quarter_01,N-LIO,2,22,4,PENDING,,,
89,P15-eee_01-P-LIO-r2,NTU,eee_01,P-LIO,2,23,1,PENDING,,,
90,P15-eee_01-N-LIVO-r2,NTU,eee_01,N-LIVO,2,23,2,PENDING,,,
91,P15-eee_01-P-LIVO-r2,NTU,eee_01,P-LIVO,2,23,3,PENDING,,,
92,P15-eee_01-N-LIO-r2,NTU,eee_01,N-LIO,2,23,4,PENDING,,,
93,P15-eee_02-N-LIVO-r2,NTU,eee_02,N-LIVO,2,24,1,PENDING,,,
94,P15-eee_02-P-LIVO-r2,NTU,eee_02,P-LIVO,2,24,2,PENDING,,,
95,P15-eee_02-N-LIO-r2,NTU,eee_02,N-LIO,2,24,3,PENDING,,,
96,P15-eee_02-P-LIO-r2,NTU,eee_02,P-LIO,2,24,4,PENDING,,,
97,P15-eee_03-P-LIVO-r2,NTU,eee_03,P-LIVO,2,25,1,PENDING,,,
98,P15-eee_03-N-LIO-r2,NTU,eee_03,N-LIO,2,25,2,PENDING,,,
99,P15-eee_03-P-LIO-r2,NTU,eee_03,P-LIO,2,25,3,PENDING,,,
100,P15-eee_03-N-LIVO-r2,NTU,eee_03,N-LIVO,2,25,4,PENDING,,,
101,P15-nya_01-N-LIO-r2,NTU,nya_01,N-LIO,2,26,1,PENDING,,,
102,P15-nya_01-P-LIO-r2,NTU,nya_01,P-LIO,2,26,2,PENDING,,,
103,P15-nya_01-N-LIVO-r2,NTU,nya_01,N-LIVO,2,26,3,PENDING,,,
104,P15-nya_01-P-LIVO-r2,NTU,nya_01,P-LIVO,2,26,4,PENDING,,,
105,P15-sbs_03-N-LIVO-r3,NTU,sbs_03,N-LIVO,3,27,1,PENDING,,,
106,P15-sbs_03-P-LIVO-r3,NTU,sbs_03,P-LIVO,3,27,2,PENDING,,,
107,P15-sbs_03-N-LIO-r3,NTU,sbs_03,N-LIO,3,27,3,PENDING,,,
108,P15-sbs_03-P-LIO-r3,NTU,sbs_03,P-LIO,3,27,4,PENDING,,,
109,P15-Church_05-P-LIVO-r3,OXFORD,Church_05,P-LIVO,3,28,1,PENDING,,,
110,P15-Church_05-N-LIO-r3,OXFORD,Church_05,N-LIO,3,28,2,PENDING,,,
111,P15-Church_05-P-LIO-r3,OXFORD,Church_05,P-LIO,3,28,3,PENDING,,,
112,P15-Church_05-N-LIVO-r3,OXFORD,Church_05,N-LIVO,3,28,4,PENDING,,,
113,P15-College_03-N-LIO-r3,OXFORD,College_03,N-LIO,3,29,1,PENDING,,,
114,P15-College_03-P-LIO-r3,OXFORD,College_03,P-LIO,3,29,2,PENDING,,,
115,P15-College_03-N-LIVO-r3,OXFORD,College_03,N-LIVO,3,29,3,PENDING,,,
116,P15-College_03-P-LIVO-r3,OXFORD,College_03,P-LIVO,3,29,4,PENDING,,,
117,P15-Palace_01-P-LIO-r3,OXFORD,Palace_01,P-LIO,3,30,1,PENDING,,,
118,P15-Palace_01-N-LIVO-r3,OXFORD,Palace_01,N-LIVO,3,30,2,PENDING,,,
119,P15-Palace_01-P-LIVO-r3,OXFORD,Palace_01,P-LIVO,3,30,3,PENDING,,,
120,P15-Palace_01-N-LIO-r3,OXFORD,Palace_01,N-LIO,3,30,4,PENDING,,,
121,P15-Quarter_01-N-LIVO-r3,OXFORD,Quarter_01,N-LIVO,3,31,1,PENDING,,,
122,P15-Quarter_01-P-LIVO-r3,OXFORD,Quarter_01,P-LIVO,3,31,2,PENDING,,,
123,P15-Quarter_01-N-LIO-r3,OXFORD,Quarter_01,N-LIO,3,31,3,PENDING,,,
124,P15-Quarter_01-P-LIO-r3,OXFORD,Quarter_01,P-LIO,3,31,4,PENDING,,,
125,P15-eee_01-N-LIVO-r3,NTU,eee_01,N-LIVO,3,32,1,PENDING,,,
126,P15-eee_01-P-LIVO-r3,NTU,eee_01,P-LIVO,3,32,2,PENDING,,,
127,P15-eee_01-N-LIO-r3,NTU,eee_01,N-LIO,3,32,3,PENDING,,,
128,P15-eee_01-P-LIO-r3,NTU,eee_01,P-LIO,3,32,4,PENDING,,,
129,P15-eee_02-P-LIVO-r3,NTU,eee_02,P-LIVO,3,33,1,PENDING,,,
130,P15-eee_02-N-LIO-r3,NTU,eee_02,N-LIO,3,33,2,PENDING,,,
131,P15-eee_02-P-LIO-r3,NTU,eee_02,P-LIO,3,33,3,PENDING,,,
132,P15-eee_02-N-LIVO-r3,NTU,eee_02,N-LIVO,3,33,4,PENDING,,,
133,P15-eee_03-N-LIO-r3,NTU,eee_03,N-LIO,3,34,1,PENDING,,,
134,P15-eee_03-P-LIO-r3,NTU,eee_03,P-LIO,3,34,2,PENDING,,,
135,P15-eee_03-N-LIVO-r3,NTU,eee_03,N-LIVO,3,34,3,PENDING,,,
136,P15-eee_03-P-LIVO-r3,NTU,eee_03,P-LIVO,3,34,4,PENDING,,,
137,P15-nya_01-P-LIO-r3,NTU,nya_01,P-LIO,3,35,1,PENDING,,,
138,P15-nya_01-N-LIVO-r3,NTU,nya_01,N-LIVO,3,35,2,PENDING,,,
139,P15-nya_01-P-LIVO-r3,NTU,nya_01,P-LIVO,3,35,3,PENDING,,,
140,P15-nya_01-N-LIO-r3,NTU,nya_01,N-LIO,3,35,4,PENDING,,,
141,P15-nya_02-N-LIVO-r3,NTU,nya_02,N-LIVO,3,36,1,PENDING,,,
142,P15-nya_02-P-LIVO-r3,NTU,nya_02,P-LIVO,3,36,2,PENDING,,,
143,P15-nya_02-N-LIO-r3,NTU,nya_02,N-LIO,3,36,3,PENDING,,,
144,P15-nya_02-P-LIO-r3,NTU,nya_02,P-LIO,3,36,4,PENDING,,,
145,P15-nya_03-P-LIVO-r3,NTU,nya_03,P-LIVO,3,37,1,PENDING,,,
146,P15-nya_03-N-LIO-r3,NTU,nya_03,N-LIO,3,37,2,PENDING,,,
147,P15-nya_03-P-LIO-r3,NTU,nya_03,P-LIO,3,37,3,PENDING,,,
148,P15-nya_03-N-LIVO-r3,NTU,nya_03,N-LIVO,3,37,4,PENDING,,,
149,P15-sbs_01-N-LIO-r3,NTU,sbs_01,N-LIO,3,38,1,PENDING,,,
150,P15-sbs_01-P-LIO-r3,NTU,sbs_01,P-LIO,3,38,2,PENDING,,,
151,P15-sbs_01-N-LIVO-r3,NTU,sbs_01,N-LIVO,3,38,3,PENDING,,,
152,P15-sbs_01-P-LIVO-r3,NTU,sbs_01,P-LIVO,3,38,4,PENDING,,,
153,P15-sbs_02-P-LIO-r3,NTU,sbs_02,P-LIO,3,39,1,PENDING,,,
154,P15-sbs_02-N-LIVO-r3,NTU,sbs_02,N-LIVO,3,39,2,PENDING,,,
155,P15-sbs_02-P-LIVO-r3,NTU,sbs_02,P-LIVO,3,39,3,PENDING,,,
156,P15-sbs_02-N-LIO-r3,NTU,sbs_02,N-LIO,3,39,4,PENDING,,,
