family,sequence,arm,stride,config_authority,config_sha256,shared_semantic_sha256,source_heads,run_ids,repetitions,ate_rmse_m_mean,ate_rmse_m_std,ate_rmse_m_median,ate_rmse_m_min,ate_rmse_m_max,est_wall_s_mean,est_wall_s_std,est_wall_s_median,est_wall_s_min,est_wall_s_max,est_cpu_s_mean,est_cpu_s_std,est_cpu_s_median,est_cpu_s_min,est_cpu_s_max,offline_wall_s_mean,offline_wall_s_std,offline_wall_s_median,offline_wall_s_min,offline_wall_s_max,peak_pss_mib_mean,peak_pss_mib_std,peak_pss_mib_median,peak_pss_mib_min,peak_pss_mib_max,final_pss_mib_mean,final_pss_mib_std,final_pss_mib_median,final_pss_mib_min,final_pss_mib_max,peak_uss_mib_mean,peak_uss_mib_std,peak_uss_mib_median,peak_uss_mib_min,peak_uss_mib_max,final_uss_mib_mean,final_uss_mib_std,final_uss_mib_median,final_uss_mib_min,final_uss_mib_max,rows,backend_rejected,visual_calls,visual_commits,final_validity
NTU,eee_01,N-LIO,1,hku-mars/FAST-LIVO2@0d2c0346107b75b59934975adec9a6eeeb913c64:config/NTU_VIRAL.yaml,c8f94f130e599b928c3f02c3f3d3b2009ae01df76aec32f6ac96b6a987311ef3,76e7349c106135cd6afbc042251d9d81688d5aac5b6fd3976c429616ab764263,0f4881acffd3a6958b1bf67ae07363a84b563d1a,P15-eee_01-N-LIO-r1;P15-eee_01-N-LIO-r2;P15-eee_01-N-LIO-r3,3,0.030760061559,0.0,0.030760061559,0.030760061559,0.030760061559,44.468526368333286,4.855129559921532,47.42344839800002,37.623593749999955,48.35853695699988,173.40968167899987,18.948263760223377,184.88273482399964,146.70098693200023,188.64532328099972,48.4819,5.091465363396539,51.5331,41.3081,52.6045,2566.6878255208335,1.326565014572566,2566.5810546875,2565.119140625,2568.36328125,2566.0133463541665,1.5520218190541664,2564.9794921875,2564.853515625,2568.20703125,2564.08203125,1.6554114180138497,2563.7734375,2562.2265625,2566.24609375,2563.4778645833335,1.8986205687338102,2562.2421875,2562.03125,2566.16015625,3985;3985;3985,0;0;0,0;0;0,0;0;0,VALID_3_REPS
NTU,eee_01,P-LIO,1,hku-mars/FAST-LIVO2@0d2c0346107b75b59934975adec9a6eeeb913c64:config/NTU_VIRAL.yaml,c8f94f130e599b928c3f02c3f3d3b2009ae01df76aec32f6ac96b6a987311ef3,76e7349c106135cd6afbc042251d9d81688d5aac5b6fd3976c429616ab764263,00f12463d520d5ac7297f62385f56757d56a029c,P15-eee_01-P-LIO-r1;P15-eee_01-P-LIO-r2;P15-eee_01-P-LIO-r3,3,0.049511281713,0.0,0.049511281713,0.049511281713,0.049511281713,37.45760376566667,7.549272349642345,37.123917463999895,28.38303146200004,46.86586237100006,140.54660503333338,27.79189481243617,139.79110215200012,106.89266481100007,174.9560481369999,42.0544,8.492950571307166,41.4658,31.9595,52.7379,318.8343098958333,1.3544398105685673,319.6103515625,316.9296875,319.962890625,318.0517578125,1.3581961127557216,317.2626953125,316.9296875,319.962890625,316.2760416666667,1.5354074796197335,316.703125,314.21875,317.90625,315.5169270833333,1.6916192409839201,314.42578125,314.21875,317.90625,3981;3981;3981,0;0;0,0;0;0,0;0;0,VALID_3_REPS
NTU,eee_01,N-LIVO-STRIDE,1,hku-mars/FAST-LIVO2@0d2c0346107b75b59934975adec9a6eeeb913c64:config/NTU_VIRAL.yaml,c8f94f130e599b928c3f02c3f3d3b2009ae01df76aec32f6ac96b6a987311ef3,a02de9fde32902582637605791cdf050028efa3b54171d07a92b216f289b5d90,0f4881acffd3a6958b1bf67ae07363a84b563d1a,P15-eee_01-N-LIVO-r1;P15-eee_01-N-LIVO-r2;P15-eee_01-N-LIVO-r3,3,0.029999763343000002,0.0017163645019898277,0.028794415818,0.028777823814,0.032427050397,77.384922545,8.342204625989913,81.30477892599993,65.7883657170002,85.06162299199987,267.93951650866586,33.14731885911979,283.51500914199795,221.86116895300123,298.44237143099843,82.6844,9.08393580338391,86.995,70.0486,91.0096,4416.0185546875,16.083661598189327,4406.7587890625,4402.65625,4438.640625,4416.0185546875,16.083661598189327,4406.7587890625,4402.65625,4438.640625,4413.489583333333,15.881456665738753,4404.77734375,4399.91796875,4435.7734375,4413.489583333333,15.881456665738753,4404.77734375,4399.91796875,4435.7734375,3983;3983;3983,0;0;0,3983;3983;3983,3982;3982;3982,VALID_3_REPS
NTU,eee_01,P-LIVO-STRIDE,1,hku-mars/FAST-LIVO2@0d2c0346107b75b59934975adec9a6eeeb913c64:config/NTU_VIRAL.yaml,c8f94f130e599b928c3f02c3f3d3b2009ae01df76aec32f6ac96b6a987311ef3,a02de9fde32902582637605791cdf050028efa3b54171d07a92b216f289b5d90,00f12463d520d5ac7297f62385f56757d56a029c,P15-eee_01-P-LIVO-r1;P15-eee_01-P-LIVO-r2;P15-eee_01-P-LIVO-r3,3,0.05210262937466667,9.912033324667652e-05,0.052040236474,0.052025117016,0.052242534634,67.9653116599998,8.052120963853115,73.44830529600004,56.58046111699977,73.8671685669996,224.25137610766666,27.529428510905817,242.7290872230006,185.33534421600004,244.68969688399937,72.4355,8.518879720166652,78.2364,60.3907,78.6794,2090.0211588541665,6.437295772600934,2086.849609375,2084.216796875,2098.9970703125,2089.0784505208335,6.184455936247736,2085.212890625,2084.216796875,2097.8056640625,2087.8841145833335,6.43130369436877,2084.07421875,2082.63671875,2096.94140625,2086.98828125,6.245410912878602,2082.63671875,2082.5078125,2095.8203125,3979;3979;3979,1;1;1,3979;3979;3979,3977;3977;3977,VALID_3_REPS
NTU,eee_02,N-LIO,1,hku-mars/FAST-LIVO2@0d2c0346107b75b59934975adec9a6eeeb913c64:config/NTU_VIRAL.yaml,c8f94f130e599b928c3f02c3f3d3b2009ae01df76aec32f6ac96b6a987311ef3,76e7349c106135cd6afbc042251d9d81688d5aac5b6fd3976c429616ab764263,0f4881acffd3a6958b1bf67ae07363a84b563d1a,P15-eee_02-N-LIO-r1;P15-eee_02-N-LIO-r2;P15-eee_02-N-LIO-r3,3,0.021901091769,0.0,0.021901091769,0.021901091769,0.021901091769,32.70746114533337,3.6073897559609356,34.84012812400008,27.627564408000012,35.654690904000006,128.98496188133342,14.368266481934802,137.11316347600027,108.79262879799982,141.04909337000015,35.735533333333336,3.9889773002891626,38.0734,30.1204,39.0128,1695.7952473958333,1.6297386394672453,1696.568359375,1693.5283203125,1697.2890625,1695.2197265625,1.5584005875107887,1694.841796875,1693.5283203125,1697.2890625,1693.1901041666667,1.861819813985302,1693.57421875,1690.7421875,1695.25390625,1692.6380208333333,1.9109784181251055,1691.91796875,1690.7421875,1695.25390625,3208;3208;3208,0;0;0,0;0;0,0;0;0,VALID_3_REPS
NTU,eee_02,P-LIO,1,hku-mars/FAST-LIVO2@0d2c0346107b75b59934975adec9a6eeeb913c64:config/NTU_VIRAL.yaml,c8f94f130e599b928c3f02c3f3d3b2009ae01df76aec32f6ac96b6a987311ef3,76e7349c106135cd6afbc042251d9d81688d5aac5b6fd3976c429616ab764263,00f12463d520d5ac7297f62385f56757d56a029c,P15-eee_02-P-LIO-r1;P15-eee_02-P-LIO-r2;P15-eee_02-P-LIO-r3,3,0.017281438879,0.0,0.017281438879,0.017281438879,0.017281438879,27.38717890166671,4.348109599622402,28.597296576,21.560932743000063,32.00330738600007,102.88445873466635,16.173225713647472,107.7911698089994,81.08419169199992,119.77801470299974,30.94,4.722001254411805,32.2467,24.6152,35.9581,274.4137369791667,2.239608125771203,275.2626953125,271.3466796875,276.6318359375,273.5100911458333,1.5297681077849414,274.5869140625,271.3466796875,274.5966796875,272.30078125,2.7438025722231805,273.1484375,268.59765625,275.15625,271.4440104166667,2.030010973603687,272.54296875,268.59765625,273.19140625,3204;3204;3204,0;0;0,0;0;0,0;0;0,VALID_3_REPS
NTU,eee_02,N-LIVO-STRIDE,1,hku-mars/FAST-LIVO2@0d2c0346107b75b59934975adec9a6eeeb913c64:config/NTU_VIRAL.yaml,c8f94f130e599b928c3f02c3f3d3b2009ae01df76aec32f6ac96b6a987311ef3,a02de9fde32902582637605791cdf050028efa3b54171d07a92b216f289b5d90,0f4881acffd3a6958b1bf67ae07363a84b563d1a,P15-eee_02-N-LIVO-r1;P15-eee_02-N-LIVO-r2;P15-eee_02-N-LIVO-r3,3,0.035967195907666664,8.486894024790642e-05,0.035962174634,0.035865854748,0.036073558341,62.09557478966673,7.502474217884639,66.62061142700007,51.52199687200013,68.14411606999998,218.1983155473325,29.154277707386065,236.6463366109998,177.04139484299895,240.90721518799876,67.4931,9.060809103312282,71.176,55.0227,76.2806,3091.41796875,1.7084245734932022,3090.5498046875,3089.8994140625,3093.8046875,3091.41796875,1.7084245734932022,3090.5498046875,3089.8994140625,3093.8046875,3088.8177083333335,1.4441941525352517,3087.91796875,3087.6796875,3090.85546875,3088.8177083333335,1.4441941525352517,3087.91796875,3087.6796875,3090.85546875,3206;3206;3206,0;0;0,3207;3207;3207,3205;3205;3205,VALID_3_REPS
NTU,eee_02,P-LIVO-STRIDE,1,hku-mars/FAST-LIVO2@0d2c0346107b75b59934975adec9a6eeeb913c64:config/NTU_VIRAL.yaml,c8f94f130e599b928c3f02c3f3d3b2009ae01df76aec32f6ac96b6a987311ef3,a02de9fde32902582637605791cdf050028efa3b54171d07a92b216f289b5d90,00f12463d520d5ac7297f62385f56757d56a029c,P15-eee_02-P-LIVO-r1;P15-eee_02-P-LIVO-r2;P15-eee_02-P-LIVO-r3,3,0.027540862083333333,0.0001674286999523751,0.027535443128,0.027338567828,0.027748575294,55.331914521333324,7.801907237940007,57.26968744299993,44.956200119999956,63.76985600100009,187.19634383766677,26.498673559393293,194.279858277,151.785519829,215.5236534070003,60.26303333333333,9.589977294492877,61.174,48.0888,71.5263,1677.6627604166667,22.743455809613277,1690.8408203125,1645.6640625,1696.4833984375,1677.6627604166667,22.743455809613277,1690.8408203125,1645.6640625,1696.4833984375,1675.5,22.337415103932475,1688.80078125,1644.03515625,1693.6640625,1675.5,22.337415103932475,1688.80078125,1644.03515625,1693.6640625,3202;3202;3202,0;0;0,3202;3202;3202,3200;3200;3200,VALID_3_REPS
NTU,eee_03,N-LIO,1,hku-mars/FAST-LIVO2@0d2c0346107b75b59934975adec9a6eeeb913c64:config/NTU_VIRAL.yaml,c8f94f130e599b928c3f02c3f3d3b2009ae01df76aec32f6ac96b6a987311ef3,76e7349c106135cd6afbc042251d9d81688d5aac5b6fd3976c429616ab764263,0f4881acffd3a6958b1bf67ae07363a84b563d1a,P15-eee_03-N-LIO-r1;P15-eee_03-N-LIO-r2;P15-eee_03-N-LIO-r3,3,0.031571706463,0.0,0.031571706463,0.031571706463,0.031571706463,20.305917121333323,3.201250382462961,20.742827771999984,16.18504743699999,23.989876154999997,76.95419006200007,10.293039822950663,79.96732120599988,63.11430442900011,87.78094455100019,22.344666666666665,3.464977553879518,23.0042,17.8098,26.22,1311.810546875,1.450301733083171,1311.6259765625,1310.1337890625,1313.671875,1311.810546875,1.450301733083171,1311.6259765625,1310.1337890625,1313.671875,1309.234375,1.8236122184931478,1308.671875,1307.3359375,1311.6953125,1309.234375,1.8236122184931478,1308.671875,1307.3359375,1311.6953125,1812;1812;1812,0;0;0,0;0;0,0;0;0,VALID_3_REPS
NTU,eee_03,P-LIO,1,hku-mars/FAST-LIVO2@0d2c0346107b75b59934975adec9a6eeeb913c64:config/NTU_VIRAL.yaml,c8f94f130e599b928c3f02c3f3d3b2009ae01df76aec32f6ac96b6a987311ef3,76e7349c106135cd6afbc042251d9d81688d5aac5b6fd3976c429616ab764263,00f12463d520d5ac7297f62385f56757d56a029c,P15-eee_03-P-LIO-r1;P15-eee_03-P-LIO-r2;P15-eee_03-P-LIO-r3,3,0.029984326739,0.0,0.029984326739,0.029984326739,0.029984326739,17.292184738333344,4.313861745331321,16.36915036600001,12.531144084000022,22.976259765,64.68930901333337,15.692880750285589,61.60771387900011,47.196515539000075,85.26369762199992,19.5259,4.741456842223355,18.5473,14.2703,25.7601,229.94791666666666,1.5889257748345218,229.4931640625,228.26953125,232.0810546875,229.6484375,1.1943198343575765,229.4931640625,228.26953125,231.1826171875,227.31770833333334,1.9034685921250702,226.52734375,225.484375,229.94140625,227.04166666666666,1.5254805122274633,226.52734375,225.484375,229.11328125,1808;1808;1808,0;0;0,0;0;0,0;0;0,VALID_3_REPS
NTU,eee_03,N-LIVO-STRIDE,1,hku-mars/FAST-LIVO2@0d2c0346107b75b59934975adec9a6eeeb913c64:config/NTU_VIRAL.yaml,c8f94f130e599b928c3f02c3f3d3b2009ae01df76aec32f6ac96b6a987311ef3,a02de9fde32902582637605791cdf050028efa3b54171d07a92b216f289b5d90,0f4881acffd3a6958b1bf67ae07363a84b563d1a,P15-eee_03-N-LIVO-r1;P15-eee_03-N-LIVO-r2;P15-eee_03-N-LIVO-r3,3,0.03021359209666667,2.468115530203961e-05,0.030212569936,0.030183888023,0.030244318331,34.260877416666645,4.133708462719124,36.57150733599994,28.455072105000017,37.75605280899998,120.04807488999978,16.543094029066488,129.5636734909995,96.78079214100002,133.79975903799985,36.9672,4.110423098254808,39.2134,31.2009,40.4873,2203.2805989583335,1.6952874357106162,2203.9345703125,2200.9560546875,2204.951171875,2203.2805989583335,1.6952874357106162,2203.9345703125,2200.9560546875,2204.951171875,2201.2174479166665,2.117308415725103,2202.484375,2198.234375,2202.93359375,2201.2174479166665,2.117308415725103,2202.484375,2198.234375,2202.93359375,1810;1810;1810,0;0;0,1811;1811;1811,1809;1809;1809,VALID_3_REPS
NTU,eee_03,P-LIVO-STRIDE,1,hku-mars/FAST-LIVO2@0d2c0346107b75b59934975adec9a6eeeb913c64:config/NTU_VIRAL.yaml,c8f94f130e599b928c3f02c3f3d3b2009ae01df76aec32f6ac96b6a987311ef3,a02de9fde32902582637605791cdf050028efa3b54171d07a92b216f289b5d90,00f12463d520d5ac7297f62385f56757d56a029c,P15-eee_03-P-LIVO-r1;P15-eee_03-P-LIVO-r2;P15-eee_03-P-LIVO-r3,3,0.029665227352,0.0,0.029665227352,0.029665227352,0.029665227352,30.75892082266663,3.848485503144259,33.398751918999984,25.317145276999934,33.56086527199997,105.29953406999995,13.14707092251966,113.9879843700004,86.71974309699995,115.19087474299951,32.98246666666667,4.109252280187019,35.702,27.175,36.0704,1049.1598307291667,4.235262081479407,1046.2978515625,1046.0341796875,1055.1474609375,1049.1598307291667,4.235262081479407,1046.2978515625,1046.0341796875,1055.1474609375,1046.5729166666667,4.630273876434301,1043.3125,1043.28515625,1053.12109375,1046.5729166666667,4.630273876434301,1043.3125,1043.28515625,1053.12109375,1806;1806;1806,1;1;1,1806;1806;1806,1804;1804;1804,VALID_3_REPS
NTU,nya_01,N-LIO,1,hku-mars/FAST-LIVO2@0d2c0346107b75b59934975adec9a6eeeb913c64:config/NTU_VIRAL.yaml,c8f94f130e599b928c3f02c3f3d3b2009ae01df76aec32f6ac96b6a987311ef3,76e7349c106135cd6afbc042251d9d81688d5aac5b6fd3976c429616ab764263,0f4881acffd3a6958b1bf67ae07363a84b563d1a,P15-nya_01-N-LIO-r1;P15-nya_01-N-LIO-r2;P15-nya_01-N-LIO-r3,3,0.027764369868,0.0,0.027764369868,0.027764369868,0.027764369868,34.63314997233332,4.295593946088579,36.397002129000064,28.716860955000037,38.78558683299986,139.60949370566684,16.993217343528173,147.0592472510006,116.09749908799986,155.671734778,38.38056666666667,4.7195295615370645,40.6174,31.8162,42.7081,556.978515625,1.0120090377464368,557.533203125,555.55859375,557.84375,556.978515625,1.0120090377464368,557.533203125,555.55859375,557.84375,554.3424479166666,1.2313895088934481,554.5,552.76171875,555.765625,554.3424479166666,1.2313895088934481,554.5,552.76171875,555.765625,3948;3948;3948,0;0;0,0;0;0,0;0;0,VALID_3_REPS
NTU,nya_01,P-LIO,1,hku-mars/FAST-LIVO2@0d2c0346107b75b59934975adec9a6eeeb913c64:config/NTU_VIRAL.yaml,c8f94f130e599b928c3f02c3f3d3b2009ae01df76aec32f6ac96b6a987311ef3,76e7349c106135cd6afbc042251d9d81688d5aac5b6fd3976c429616ab764263,00f12463d520d5ac7297f62385f56757d56a029c,P15-nya_01-P-LIO-r1;P15-nya_01-P-LIO-r2;P15-nya_01-P-LIO-r3,3,0.023256332556,0.0,0.023256332556,0.023256332556,0.023256332556,24.317505264000015,2.808189675969531,26.085411869999977,20.353816005000063,26.513287917000007,91.7726129196668,10.374827024535216,98.01174133200023,77.152591715,100.15350571200018,29.21966666666667,3.394964084575204,31.1601,24.4462,32.0527,246.88802083333334,1.6798805934110412,246.4931640625,245.056640625,249.1142578125,246.46875,1.500332053836485,246.4931640625,244.619140625,248.2939453125,244.26302083333334,2.0390533538002624,243.5078125,242.23046875,247.05078125,243.890625,1.831713336399774,243.5078125,241.86328125,246.30078125,3944;3944;3944,0;0;0,0;0;0,0;0;0,VALID_3_REPS
NTU,nya_01,N-LIVO-STRIDE,1,hku-mars/FAST-LIVO2@0d2c0346107b75b59934975adec9a6eeeb913c64:config/NTU_VIRAL.yaml,c8f94f130e599b928c3f02c3f3d3b2009ae01df76aec32f6ac96b6a987311ef3,a02de9fde32902582637605791cdf050028efa3b54171d07a92b216f289b5d90,0f4881acffd3a6958b1bf67ae07363a84b563d1a,P15-nya_01-N-LIVO-r1;P15-nya_01-N-LIVO-r2;P15-nya_01-N-LIVO-r3,3,0.037922360253666666,5.961757609309617e-05,0.037964516246,0.037838048269,0.037964516246,71.83591488799993,11.184240930201673,78.86845793999971,56.05023541199997,80.5890513120001,260.064010799,42.25701136602303,284.76234947199924,200.5876034310003,294.8420794940006,79.55576666666667,13.373893518426941,88.2122,60.6642,89.7909,2285.9485677083335,2.499160668091477,2286.8505859375,2282.5380859375,2288.45703125,2285.9485677083335,2.499160668091477,2286.8505859375,2282.5380859375,2288.45703125,2283.2825520833335,2.598718911191374,2284.765625,2279.62890625,2285.453125,2283.2825520833335,2.598718911191374,2284.765625,2279.62890625,2285.453125,3945;3945;3945,0;0;0,3946;3946;3946,3944;3944;3944,VALID_3_REPS
NTU,nya_01,P-LIVO-STRIDE,1,hku-mars/FAST-LIVO2@0d2c0346107b75b59934975adec9a6eeeb913c64:config/NTU_VIRAL.yaml,c8f94f130e599b928c3f02c3f3d3b2009ae01df76aec32f6ac96b6a987311ef3,a02de9fde32902582637605791cdf050028efa3b54171d07a92b216f289b5d90,00f12463d520d5ac7297f62385f56757d56a029c,P15-nya_01-P-LIVO-r1;P15-nya_01-P-LIVO-r2;P15-nya_01-P-LIVO-r3,3,0.038840353663,7.505105510505377e-06,0.038835046752,0.038835046752,0.038850967485,56.10569162800012,6.4671576215413245,59.657259985000145,47.030868937000186,61.628945962000046,197.98717407233394,24.25268673073442,212.0569142849994,163.86317278300106,218.04143514900133,61.9444,5.2493588205291015,64.5562,54.6204,66.6566,2022.5680338541667,1.4572154528939385,2023.4541015625,2020.513671875,2023.736328125,2022.0354817708333,1.2026409369886155,2022.138671875,2020.513671875,2023.4541015625,2019.87890625,1.7031697958558403,2020.765625,2017.49609375,2021.375,2019.3697916666667,1.5862848979804238,2019.23828125,2017.49609375,2021.375,3941;3941;3941,1;1;1,3941;3941;3941,3939;3939;3939,VALID_3_REPS
NTU,nya_02,N-LIO,1,hku-mars/FAST-LIVO2@0d2c0346107b75b59934975adec9a6eeeb913c64:config/NTU_VIRAL.yaml,c8f94f130e599b928c3f02c3f3d3b2009ae01df76aec32f6ac96b6a987311ef3,76e7349c106135cd6afbc042251d9d81688d5aac5b6fd3976c429616ab764263,0f4881acffd3a6958b1bf67ae07363a84b563d1a,P15-nya_02-N-LIO-r1;P15-nya_02-N-LIO-r2;P15-nya_02-N-LIO-r3,3,0.029233703789,0.0,0.029233703789,0.029233703789,0.029233703789,38.009364376666696,5.863492831859741,41.40504542800016,29.759971750000002,42.863075951999924,153.44850158433283,22.651434693986626,166.81420003799934,121.55355567399953,171.9777490409996,42.09256666666666,6.150583367634505,45.7294,33.4313,47.117,542.9781901041666,1.2680736657908669,542.759765625,541.5458984375,544.62890625,542.8323567708334,1.309294727649758,542.322265625,541.5458984375,544.62890625,540.6184895833334,1.6763269839497472,540.73046875,538.51171875,542.61328125,540.49609375,1.6770873770655184,540.36328125,538.51171875,542.61328125,4284;4284;4284,0;0;0,0;0;0,0;0;0,VALID_3_REPS
NTU,nya_02,P-LIO,1,hku-mars/FAST-LIVO2@0d2c0346107b75b59934975adec9a6eeeb913c64:config/NTU_VIRAL.yaml,c8f94f130e599b928c3f02c3f3d3b2009ae01df76aec32f6ac96b6a987311ef3,76e7349c106135cd6afbc042251d9d81688d5aac5b6fd3976c429616ab764263,00f12463d520d5ac7297f62385f56757d56a029c,P15-nya_02-P-LIO-r1;P15-nya_02-P-LIO-r2;P15-nya_02-P-LIO-r3,3,0.029556829655,0.0,0.029556829655,0.029556829655,0.029556829655,27.322735008333286,3.593569644265689,29.59265538099991,22.249982253999914,30.125567390000032,103.31508910566708,13.474285884834211,111.95259335200026,84.28648618600035,113.70618777900063,32.56773333333334,4.261796192008977,35.0844,26.5666,36.0522,259.6025390625,1.141865095357632,259.1962890625,258.4521484375,261.1591796875,258.9104817708333,0.8577537579816233,258.4521484375,258.1669921875,260.1123046875,257.1106770833333,1.7174010252317349,256.0234375,255.7734375,259.53515625,256.4583333333333,1.5147533379056077,255.7734375,255.04296875,258.55859375,4280;4280;4280,0;0;0,0;0;0,0;0;0,VALID_3_REPS
NTU,nya_02,N-LIVO-STRIDE,1,hku-mars/FAST-LIVO2@0d2c0346107b75b59934975adec9a6eeeb913c64:config/NTU_VIRAL.yaml,c8f94f130e599b928c3f02c3f3d3b2009ae01df76aec32f6ac96b6a987311ef3,a02de9fde32902582637605791cdf050028efa3b54171d07a92b216f289b5d90,0f4881acffd3a6958b1bf67ae07363a84b563d1a,P15-nya_02-N-LIVO-r1;P15-nya_02-N-LIVO-r2;P15-nya_02-N-LIVO-r3,3,0.036970454491333335,8.832376522878498e-07,0.036969829948,0.036969829948,0.036971703578,74.72763463366671,11.834343210148678,82.77265777100003,57.99545269700006,83.41479343300003,275.3034525509989,45.04468731599304,305.5719638529981,211.62644563099994,308.71194816899856,83.08073333333334,14.370216962020981,90.3481,63.011,95.8831,2400.3138020833335,19.452877954482954,2411.6513671875,2372.9375,2416.3525390625,2400.3138020833335,19.452877954482954,2411.6513671875,2372.9375,2416.3525390625,2398.2890625,18.9698908974408,2408.96484375,2371.63671875,2414.265625,2398.2890625,18.9698908974408,2408.96484375,2371.63671875,2414.265625,4283;4283;4283,0;0;0,4283;4283;4283,4282;4282;4282,VALID_3_REPS
NTU,nya_02,P-LIVO-STRIDE,1,hku-mars/FAST-LIVO2@0d2c0346107b75b59934975adec9a6eeeb913c64:config/NTU_VIRAL.yaml,c8f94f130e599b928c3f02c3f3d3b2009ae01df76aec32f6ac96b6a987311ef3,a02de9fde32902582637605791cdf050028efa3b54171d07a92b216f289b5d90,00f12463d520d5ac7297f62385f56757d56a029c,P15-nya_02-P-LIVO-r1;P15-nya_02-P-LIVO-r2;P15-nya_02-P-LIVO-r3,3,0.046925802685,5.23620109226912e-05,0.046962828218,0.046851751619,0.046962828218,60.565357472333396,8.904535363386666,65.7246838529998,48.03722010100011,67.93416846300028,214.48706974133398,30.35920724263638,232.73340680699988,171.70642678800124,239.02137562900083,65.53676666666667,9.411838686935134,71.1019,52.283,73.2254,2168.5970052083335,3.3315681552110408,2167.861328125,2164.9345703125,2172.9951171875,2168.5970052083335,3.3315681552110408,2167.861328125,2164.9345703125,2172.9951171875,2166.00390625,3.649081514359127,2164.80859375,2162.25390625,2170.94921875,2166.00390625,3.649081514359127,2164.80859375,2162.25390625,2170.94921875,4279;4279;4279,0;0;0,4279;4279;4279,4277;4277;4277,VALID_3_REPS
NTU,nya_03,N-LIO,1,hku-mars/FAST-LIVO2@0d2c0346107b75b59934975adec9a6eeeb913c64:config/NTU_VIRAL.yaml,c8f94f130e599b928c3f02c3f3d3b2009ae01df76aec32f6ac96b6a987311ef3,76e7349c106135cd6afbc042251d9d81688d5aac5b6fd3976c429616ab764263,0f4881acffd3a6958b1bf67ae07363a84b563d1a,P15-nya_03-N-LIO-r1;P15-nya_03-N-LIO-r2;P15-nya_03-N-LIO-r3,3,0.028883185208,0.0,0.028883185208,0.028883185208,0.028883185208,37.198804415333306,4.9719280264456485,38.822069427999914,30.462320816000034,42.312023001999975,150.34233159400006,19.88446597285184,156.6208871200001,123.46441895200047,170.9416887099996,41.10986666666667,5.479792293103412,42.9441,33.6721,46.7134,627.560546875,1.408270394688922,627.423828125,625.908203125,629.349609375,627.560546875,1.408270394688922,627.423828125,625.908203125,629.349609375,624.63671875,1.4928213640620234,624.60546875,622.82421875,626.48046875,624.63671875,1.4928213640620234,624.60546875,622.82421875,626.48046875,4092;4092;4092,0;0;0,0;0;0,0;0;0,VALID_3_REPS
NTU,nya_03,P-LIO,1,hku-mars/FAST-LIVO2@0d2c0346107b75b59934975adec9a6eeeb913c64:config/NTU_VIRAL.yaml,c8f94f130e599b928c3f02c3f3d3b2009ae01df76aec32f6ac96b6a987311ef3,76e7349c106135cd6afbc042251d9d81688d5aac5b6fd3976c429616ab764263,00f12463d520d5ac7297f62385f56757d56a029c,P15-nya_03-P-LIO-r1;P15-nya_03-P-LIO-r2;P15-nya_03-P-LIO-r3,3,0.02575712856,0.0,0.02575712856,0.02575712856,0.02575712856,26.786831535333356,3.787457853625714,27.954662187000004,21.675843847999992,30.72998857100007,100.99080497366651,13.755822297953774,105.89573913299968,82.23526498399985,114.841410804,33.00213333333333,2.5330288224881206,32.8653,29.9705,36.1706,260.7945963541667,18.092428864492714,272.669921875,235.2294921875,274.484375,260.1357421875,17.61150261730934,272.5078125,235.2294921875,272.669921875,258.3203125,17.36526941302983,269.58984375,233.7890625,271.58203125,257.6848958333333,16.89694221517234,269.58984375,233.7890625,269.67578125,4088;4088;4088,0;0;0,0;0;0,0;0;0,VALID_3_REPS
NTU,nya_03,N-LIVO-STRIDE,1,hku-mars/FAST-LIVO2@0d2c0346107b75b59934975adec9a6eeeb913c64:config/NTU_VIRAL.yaml,c8f94f130e599b928c3f02c3f3d3b2009ae01df76aec32f6ac96b6a987311ef3,a02de9fde32902582637605791cdf050028efa3b54171d07a92b216f289b5d90,0f4881acffd3a6958b1bf67ae07363a84b563d1a,P15-nya_03-N-LIVO-r1;P15-nya_03-N-LIVO-r2;P15-nya_03-N-LIVO-r3,3,0.03333704204033333,7.284304710670102e-06,0.033331916403,0.033331866156,0.033347343562,75.02299623666649,11.582469853647739,76.40665572599968,60.19629731399999,88.4660356699998,275.3187856586669,43.29100265453615,282.764283617,218.9691444440004,324.22292891500035,83.29213333333334,14.96559856589624,83.3364,64.941,101.599,2308.3854166666665,24.542142296733505,2318.8408203125,2274.49609375,2331.8193359375,2308.3854166666665,24.542142296733505,2318.8408203125,2274.49609375,2331.8193359375,2305.9036458333335,23.865193233081108,2315.765625,2273.01953125,2328.92578125,2305.9036458333335,23.865193233081108,2315.765625,2273.01953125,2328.92578125,4090;4090;4090,0;0;0,4091;4091;4091,4089;4089;4089,VALID_3_REPS
NTU,nya_03,P-LIVO-STRIDE,1,hku-mars/FAST-LIVO2@0d2c0346107b75b59934975adec9a6eeeb913c64:config/NTU_VIRAL.yaml,c8f94f130e599b928c3f02c3f3d3b2009ae01df76aec32f6ac96b6a987311ef3,a02de9fde32902582637605791cdf050028efa3b54171d07a92b216f289b5d90,00f12463d520d5ac7297f62385f56757d56a029c,P15-nya_03-P-LIVO-r1;P15-nya_03-P-LIVO-r2;P15-nya_03-P-LIVO-r3,3,0.03192364933966667,2.09542362743942e-05,0.031920364763,0.031899786164,0.031950797092,58.86911264800007,9.091254825853952,62.92053889900011,46.276194098999945,67.41060494600015,213.586349258333,31.141975935568112,225.99210837700002,170.78692815099987,243.9800112469991,63.9899,9.74612167206354,68.5877,50.4382,72.9438,2104.7867838541665,2.8796973439121554,2105.0498046875,2101.1357421875,2108.1748046875,2104.2386067708335,3.591168022502152,2105.0498046875,2099.4912109375,2108.1748046875,2101.8059895833335,3.031787453248553,2102.12109375,2097.9453125,2105.3515625,2101.28125,3.7140461212126583,2102.12109375,2096.37109375,2105.3515625,4086;4086;4086,1;1;1,4086;4086;4086,4084;4084;4084,VALID_3_REPS
NTU,sbs_01,N-LIO,1,hku-mars/FAST-LIVO2@0d2c0346107b75b59934975adec9a6eeeb913c64:config/NTU_VIRAL.yaml,c8f94f130e599b928c3f02c3f3d3b2009ae01df76aec32f6ac96b6a987311ef3,76e7349c106135cd6afbc042251d9d81688d5aac5b6fd3976c429616ab764263,0f4881acffd3a6958b1bf67ae07363a84b563d1a,P15-sbs_01-N-LIO-r1;P15-sbs_01-N-LIO-r2;P15-sbs_01-N-LIO-r3,3,0.0277659364,0.0,0.0277659364,0.0277659364,0.0277659364,34.43359882400001,5.345215283540224,37.80176594800003,26.88874932999998,38.61028119400002,137.01405566566672,20.052326322174967,150.7235988320001,108.66091191100021,151.65765625399985,39.72063333333333,7.151186898845688,42.0289,30.0393,47.0937,1828.4127604166667,1.6212212733267262,1827.90625,1826.7294921875,1830.6025390625,1828.2473958333333,1.7999320005594412,1827.90625,1826.2333984375,1830.6025390625,1825.4765625,1.6916392858134064,1825.12109375,1823.60546875,1827.703125,1825.3346354166667,1.8528485702927167,1825.12109375,1823.1796875,1827.703125,3540;3540;3540,0;0;0,0;0;0,0;0;0,VALID_3_REPS
NTU,sbs_01,P-LIO,1,hku-mars/FAST-LIVO2@0d2c0346107b75b59934975adec9a6eeeb913c64:config/NTU_VIRAL.yaml,c8f94f130e599b928c3f02c3f3d3b2009ae01df76aec32f6ac96b6a987311ef3,76e7349c106135cd6afbc042251d9d81688d5aac5b6fd3976c429616ab764263,00f12463d520d5ac7297f62385f56757d56a029c,P15-sbs_01-P-LIO-r1;P15-sbs_01-P-LIO-r2;P15-sbs_01-P-LIO-r3,3,0.025729330675,0.0,0.025729330675,0.025729330675,0.025729330675,23.961580546666646,3.6813260285509877,24.892285879000013,19.06017302499996,27.932282735999966,90.35615508866681,13.693320025667063,94.3029362410001,71.96394272499994,104.80158630000038,27.8357,4.208527783758434,28.8611,22.2457,32.4003,282.4303385416667,1.235162883249855,282.4775390625,280.89453125,283.9189453125,281.0514322916667,0.8255353378802656,280.8681640625,280.14453125,282.1416015625,279.4114583333333,1.3156635567720403,279.5703125,277.7265625,280.9375,278.1028645833333,0.8928855479732629,278.03125,277.046875,279.23046875,3536;3536;3536,0;0;0,0;0;0,0;0;0,VALID_3_REPS
NTU,sbs_01,N-LIVO-STRIDE,1,hku-mars/FAST-LIVO2@0d2c0346107b75b59934975adec9a6eeeb913c64:config/NTU_VIRAL.yaml,c8f94f130e599b928c3f02c3f3d3b2009ae01df76aec32f6ac96b6a987311ef3,a02de9fde32902582637605791cdf050028efa3b54171d07a92b216f289b5d90,0f4881acffd3a6958b1bf67ae07363a84b563d1a,P15-sbs_01-N-LIVO-r1;P15-sbs_01-N-LIVO-r2;P15-sbs_01-N-LIVO-r3,3,0.028969445734,4.584171588897735e-05,0.028938280152,0.028935797191,0.029034259859,61.12733864300001,8.8033567320768,63.64541644300006,49.30927053699989,70.42732894900008,222.2209225453327,34.46669558157708,233.36628032899898,175.55365269099931,257.74283461599987,66.73206666666667,9.68026744029087,69.0872,53.8754,77.2336,3379.1022135416665,1.40365028734509,3378.8447265625,3377.5263671875,3380.935546875,3379.1022135416665,1.40365028734509,3378.8447265625,3377.5263671875,3380.935546875,3376.59765625,1.5491749526293557,3377.33984375,3374.44140625,3378.01171875,3376.59765625,1.5491749526293557,3377.33984375,3374.44140625,3378.01171875,3538;3538;3538,0;0;0,3538;3538;3538,3537;3537;3537,VALID_3_REPS
NTU,sbs_01,P-LIVO-STRIDE,1,hku-mars/FAST-LIVO2@0d2c0346107b75b59934975adec9a6eeeb913c64:config/NTU_VIRAL.yaml,c8f94f130e599b928c3f02c3f3d3b2009ae01df76aec32f6ac96b6a987311ef3,a02de9fde32902582637605791cdf050028efa3b54171d07a92b216f289b5d90,00f12463d520d5ac7297f62385f56757d56a029c,P15-sbs_01-P-LIVO-r1;P15-sbs_01-P-LIVO-r2;P15-sbs_01-P-LIVO-r3,3,0.029509390520333335,2.84334747978882e-09,0.029509392195,0.029509386517,0.029509392849,50.62217764366673,7.555613163276504,53.9555728329999,40.16359215200023,57.74736794600006,175.40762540899988,25.86301430458929,186.56224027799928,139.6637107949994,199.99692515400096,54.9468,8.160608924992465,58.3888,43.686,62.7656,1866.9697265625,5.251035497361988,1864.7412109375,1861.94921875,1874.21875,1866.9697265625,5.251035497361988,1864.7412109375,1861.94921875,1874.21875,1864.5872395833333,5.074612500493504,1863.28125,1859.12890625,1871.3515625,1864.5872395833333,5.074612500493504,1863.28125,1859.12890625,1871.3515625,3534;3534;3534,0;0;0,3534;3534;3534,3532;3532;3532,VALID_3_REPS
NTU,sbs_02,N-LIO,1,hku-mars/FAST-LIVO2@0d2c0346107b75b59934975adec9a6eeeb913c64:config/NTU_VIRAL.yaml,c8f94f130e599b928c3f02c3f3d3b2009ae01df76aec32f6ac96b6a987311ef3,76e7349c106135cd6afbc042251d9d81688d5aac5b6fd3976c429616ab764263,0f4881acffd3a6958b1bf67ae07363a84b563d1a,P15-sbs_02-N-LIO-r1;P15-sbs_02-N-LIO-r2;P15-sbs_02-N-LIO-r3,3,0.026968429626,0.0,0.026968429626,0.026968429626,0.026968429626,41.782725508666644,12.386176082538512,38.30630001300003,28.652788194999925,58.38908831799996,166.06218556066705,46.44948243306554,153.85914411400037,116.26517354800006,228.06223902000067,47.97506666666667,15.841961512458685,42.4743,31.917,69.5339,1787.8180338541667,0.9326904126103592,1787.1845703125,1787.1328125,1789.13671875,1786.7841796875,1.6703446178482673,1785.79296875,1785.4228515625,1789.13671875,1784.8997395833333,0.9716351386528436,1784.4453125,1784.00390625,1786.25,1783.9127604166667,1.6898383121027725,1783.17578125,1782.3125,1786.25,3729;3729;3729,0;0;0,0;0;0,0;0;0,VALID_3_REPS
NTU,sbs_02,P-LIO,1,hku-mars/FAST-LIVO2@0d2c0346107b75b59934975adec9a6eeeb913c64:config/NTU_VIRAL.yaml,c8f94f130e599b928c3f02c3f3d3b2009ae01df76aec32f6ac96b6a987311ef3,76e7349c106135cd6afbc042251d9d81688d5aac5b6fd3976c429616ab764263,00f12463d520d5ac7297f62385f56757d56a029c,P15-sbs_02-P-LIO-r1;P15-sbs_02-P-LIO-r2;P15-sbs_02-P-LIO-r3,3,0.024137094563,0.0,0.024137094563,0.024137094563,0.024137094563,24.91761807566662,3.8619041214301792,25.855050397000003,19.789248424999975,29.10855540499988,93.82054283333365,14.629025334218356,97.76676758400048,74.25956373099999,109.43529718500046,29.026266666666668,4.3920737048561564,30.3681,23.1032,33.6075,283.9560546875,0.5765811134924539,284.2333984375,283.1533203125,284.4814453125,283.5537109375,0.6580514553864294,283.1533203125,283.0263671875,284.4814453125,280.9322916666667,0.5585193836472663,281.0546875,280.1953125,281.546875,280.5533854166667,0.711569182890835,280.1953125,279.91796875,281.546875,3725;3725;3725,0;0;0,0;0;0,0;0;0,VALID_3_REPS
NTU,sbs_02,N-LIVO-STRIDE,1,hku-mars/FAST-LIVO2@0d2c0346107b75b59934975adec9a6eeeb913c64:config/NTU_VIRAL.yaml,c8f94f130e599b928c3f02c3f3d3b2009ae01df76aec32f6ac96b6a987311ef3,a02de9fde32902582637605791cdf050028efa3b54171d07a92b216f289b5d90,0f4881acffd3a6958b1bf67ae07363a84b563d1a,P15-sbs_02-N-LIVO-r1;P15-sbs_02-N-LIVO-r2;P15-sbs_02-N-LIVO-r3,3,0.028705831946333332,1.8302242500955594e-05,0.02871816332,0.028679958113,0.028719374406,69.31925079800001,8.501024966297859,73.30278315499982,57.50405646599989,77.15091277300036,246.80344119733334,33.08439438354722,262.94845043099934,200.69976863600033,276.7621045250004,74.8595,9.44897489995608,78.995,61.7873,83.7962,3475.8424479166665,2.3890055349491752,3477.099609375,3472.498046875,3477.9296875,3475.8424479166665,2.3890055349491752,3477.099609375,3472.498046875,3477.9296875,3472.8450520833335,2.488479177872822,3474.16796875,3469.359375,3475.0078125,3472.8450520833335,2.488479177872822,3474.16796875,3469.359375,3475.0078125,3728;3728;3728,0;0;0,3728;3728;3728,3727;3727;3727,VALID_3_REPS
NTU,sbs_02,P-LIVO-STRIDE,1,hku-mars/FAST-LIVO2@0d2c0346107b75b59934975adec9a6eeeb913c64:config/NTU_VIRAL.yaml,c8f94f130e599b928c3f02c3f3d3b2009ae01df76aec32f6ac96b6a987311ef3,a02de9fde32902582637605791cdf050028efa3b54171d07a92b216f289b5d90,00f12463d520d5ac7297f62385f56757d56a029c,P15-sbs_02-P-LIVO-r1;P15-sbs_02-P-LIVO-r2;P15-sbs_02-P-LIVO-r3,3,0.028533867426,6.501818166235642e-06,0.028538462468,0.028524672467,0.028538467343,56.83482778266668,9.61621184112596,58.48136029899999,44.32079622600012,67.70232682299992,197.1137852413334,33.249172824594304,204.41963774899898,153.23363400700032,233.68808396800094,62.5324,8.600934775166401,63.0818,51.7345,72.7809,1979.5452473958333,3.0569771859992585,1977.630859375,1977.1455078125,1983.859375,1979.4501953125,2.9228488978611584,1977.630859375,1977.1455078125,1983.57421875,1976.5377604166667,3.0716827501444097,1974.50390625,1974.23046875,1980.87890625,1976.4661458333333,2.97047361788317,1974.50390625,1974.23046875,1980.6640625,3724;3724;3724,0;0;0,3724;3724;3724,3722;3722;3722,VALID_3_REPS
NTU,sbs_03,N-LIO,1,hku-mars/FAST-LIVO2@0d2c0346107b75b59934975adec9a6eeeb913c64:config/NTU_VIRAL.yaml,c8f94f130e599b928c3f02c3f3d3b2009ae01df76aec32f6ac96b6a987311ef3,76e7349c106135cd6afbc042251d9d81688d5aac5b6fd3976c429616ab764263,0f4881acffd3a6958b1bf67ae07363a84b563d1a,P15-sbs_03-N-LIO-r1;P15-sbs_03-N-LIO-r2;P15-sbs_03-N-LIO-r3,3,0.033383139769,0.0,0.033383139769,0.033383139769,0.033383139769,33.0967015023333,4.1400552428640545,30.43659770400003,29.909788495999912,38.94371830699997,133.55659105400005,16.164950201280938,123.32617297099969,120.96693263200018,156.3766675590003,36.90886666666667,4.467765795363745,33.9449,33.5584,43.2233,1787.8017578125,1.0799795224167532,1788.224609375,1786.3193359375,1788.861328125,1787.8017578125,1.0799795224167532,1788.224609375,1786.3193359375,1788.861328125,1785.390625,1.6639555178834533,1785.32421875,1783.38671875,1787.4609375,1785.390625,1.6639555178834533,1785.32421875,1783.38671875,1787.4609375,3891;3891;3891,0;0;0,0;0;0,0;0;0,VALID_3_REPS
NTU,sbs_03,P-LIO,1,hku-mars/FAST-LIVO2@0d2c0346107b75b59934975adec9a6eeeb913c64:config/NTU_VIRAL.yaml,c8f94f130e599b928c3f02c3f3d3b2009ae01df76aec32f6ac96b6a987311ef3,76e7349c106135cd6afbc042251d9d81688d5aac5b6fd3976c429616ab764263,00f12463d520d5ac7297f62385f56757d56a029c,P15-sbs_03-P-LIO-r1;P15-sbs_03-P-LIO-r2;P15-sbs_03-P-LIO-r3,3,0.025554175775,0.0,0.025554175775,0.025554175775,0.025554175775,24.790498697666667,4.424269403197476,22.32387880700002,21.044041643999957,31.00357564200002,93.2867343436668,16.49519701212959,84.06466112400028,79.34103872900035,116.45450317799975,28.903366666666667,5.256886417093509,25.8934,24.5213,36.2954,306.5843098958333,0.8783245808637606,306.84765625,305.4013671875,307.50390625,305.5621744791667,0.40997975906816986,305.4013671875,305.16015625,306.125,303.58984375,0.857247603540565,303.83984375,302.4375,304.4921875,302.6145833333333,0.41483974482791414,302.4375,302.21875,303.1875,3887;3887;3887,0;0;0,0;0;0,0;0;0,VALID_3_REPS
NTU,sbs_03,N-LIVO-STRIDE,1,hku-mars/FAST-LIVO2@0d2c0346107b75b59934975adec9a6eeeb913c64:config/NTU_VIRAL.yaml,c8f94f130e599b928c3f02c3f3d3b2009ae01df76aec32f6ac96b6a987311ef3,a02de9fde32902582637605791cdf050028efa3b54171d07a92b216f289b5d90,0f4881acffd3a6958b1bf67ae07363a84b563d1a,P15-sbs_03-N-LIVO-r1;P15-sbs_03-N-LIVO-r2;P15-sbs_03-N-LIVO-r3,3,0.03116380191066667,1.223072150058381e-05,0.031160892349,0.031150490627,0.031180022756,66.70733335066666,8.67446642913723,71.71441875199973,54.505008583000105,73.90257271700014,239.79411373666693,33.83169265314818,258.80989998900003,192.26418691200124,268.30825430899955,74.03273333333334,10.86428013456125,78.2853,59.1203,84.6926,3496.4895833333335,22.797273535495304,3511.8955078125,3464.259765625,3513.3134765625,3496.4895833333335,22.797273535495304,3511.8955078125,3464.259765625,3513.3134765625,3494.1002604166665,22.01020676403995,3508.93359375,3462.984375,3510.3828125,3494.1002604166665,22.01020676403995,3508.93359375,3462.984375,3510.3828125,3889;3889;3889,0;0;0,3890;3890;3890,3888;3888;3888,VALID_3_REPS
NTU,sbs_03,P-LIVO-STRIDE,1,hku-mars/FAST-LIVO2@0d2c0346107b75b59934975adec9a6eeeb913c64:config/NTU_VIRAL.yaml,c8f94f130e599b928c3f02c3f3d3b2009ae01df76aec32f6ac96b6a987311ef3,a02de9fde32902582637605791cdf050028efa3b54171d07a92b216f289b5d90,00f12463d520d5ac7297f62385f56757d56a029c,P15-sbs_03-P-LIVO-r1;P15-sbs_03-P-LIVO-r2;P15-sbs_03-P-LIVO-r3,3,0.028207537685,2.8437145706218692e-05,0.028222274762,0.028167763579,0.028232574714,52.519498879333305,7.112996249992707,50.16648002099971,45.22608799200005,62.165928625000156,181.76142718533322,24.099366496292056,173.24531034300014,157.44019216299935,214.59877905000013,56.80853333333334,7.555262919022447,54.2953,49.0715,67.0588,2056.7347005208335,2.979963822852823,2056.9365234375,2052.98828125,2060.279296875,2056.7347005208335,2.979963822852823,2056.9365234375,2052.98828125,2060.279296875,2053.8059895833335,3.0101711080645215,2053.98046875,2050.03515625,2057.40234375,2053.8059895833335,3.0101711080645215,2053.98046875,2050.03515625,2057.40234375,3885;3885;3885,0;0;0,3885;3885;3885,3883;3883;3883,VALID_3_REPS
OXFORD,Church_05,N-LIO,1,ori-drs/FAST-LIVO2@f2c9abb72f82359bcb9190e31b8faa6b6b7b9a64:config/oxford_spires.yaml,1d49d420012c8d984cc354a88ee82c8bb59ebd523cc696b504cca8e737e60c7e,013beef79fcb75fdd6680d3d107a235e9904afbac1d6cb17e57790c9c8e67420,ea7702b871bff8c6e6c2d5a2bdc3e6d29d670491,P22-Church_05-N-LIO-r1-retry_cpu_affinity;P22-Church_05-N-LIO-r2-retry_cpu_affinity;P22-Church_05-N-LIO-r3-retry_cpu_affinity,3,0.1678,0.0,0.1678,0.1678,0.1678,111.577683916,2.954499342657395,111.58307585500023,107.95648304199999,115.19349285099979,377.8640560803333,9.376320865086562,378.3063534799989,366.1656965169991,389.1201182440018,127.80999999999999,3.3482085757411597,127.445,123.904,132.081,975.5546875,1.0710289406640274,975.1845703125,974.4677734375,977.01171875,975.4895833333334,0.9827830310386662,975.1845703125,974.4677734375,976.81640625,972.7994791666666,1.6970167525071551,971.90234375,971.3203125,975.17578125,972.7578125,1.6386924381655765,971.90234375,971.3203125,975.05078125,8005;8005;8005,0;0;0,0;0;0,0;0;0,VALID_3_REPS
OXFORD,Church_05,P-LIO,1,ori-drs/FAST-LIVO2@f2c9abb72f82359bcb9190e31b8faa6b6b7b9a64:config/oxford_spires.yaml,1d49d420012c8d984cc354a88ee82c8bb59ebd523cc696b504cca8e737e60c7e,013beef79fcb75fdd6680d3d107a235e9904afbac1d6cb17e57790c9c8e67420,cc3814ad80dc0ee7b2ffb84750e35ba4cb3f1449,P22-Church_05-P-LIO-r1-retry_cpu_affinity;P22-Church_05-P-LIO-r2-retry_cpu_affinity;P22-Church_05-P-LIO-r3-retry_cpu_affinity,3,0.244,0.0,0.244,0.244,0.244,109.9790140066666,4.3427721472524095,107.44054220200016,106.40504585000002,116.09145396799961,380.4756772336665,14.49337275877149,372.2917387529999,368.2933064230009,400.84198652499873,127.82466666666667,4.957542827741272,124.902,123.767,134.805,803.5693359375,0.06800035932857344,803.5771484375,803.482421875,803.6484375,799.5322265625,0.057426525109332646,799.5341796875,799.4609375,799.6015625,800.7799479166666,0.6863473805439297,800.32421875,800.265625,801.75,796.8059895833334,0.6873248869472237,796.3515625,796.2890625,797.77734375,8001;8001;8001,0;0;0,0;0;0,0;0;0,VALID_3_REPS
OXFORD,Church_05,N-LIVO-STRIDE,1,ori-drs/FAST-LIVO2@f2c9abb72f82359bcb9190e31b8faa6b6b7b9a64:config/oxford_spires.yaml,1d49d420012c8d984cc354a88ee82c8bb59ebd523cc696b504cca8e737e60c7e,860ff168e9b2e89f291e4aeb0d741ce822e18ff2bc6cd57a37f7d58da4a7ddc0,ea7702b871bff8c6e6c2d5a2bdc3e6d29d670491,P22-Church_05-N-LIVO-STRIDE-r1-retry_cpu_affinity;P22-Church_05-N-LIVO-STRIDE-r2-retry_cpu_affinity;P22-Church_05-N-LIVO-STRIDE-r3-retry_cpu_affinity,3,0.14293333333333333,0.0024458581770458866,0.1438,0.1396,0.1454,125.90937998599979,0.6469313527309343,126.06076811199964,125.05228238499974,126.61508946099998,321.9967125033332,2.0288429694617003,322.35404902499846,319.3525749870008,324.2835134980003,182.987,0.5843269632662794,183.004,182.263,183.694,8046.028971354167,13.627331743190902,8040.1572265625,8033.068359375,8064.861328125,8044.709309895833,14.30680305860339,8036.1982421875,8033.068359375,8064.861328125,8042.83984375,13.605733986612156,8036.87890625,8029.9765625,8061.6640625,8041.53515625,14.285472955027709,8032.96484375,8029.9765625,8061.6640625,3959;3959;3959,0;0;0,3960;3960;3960,3959;3959;3959,VALID_3_REPS
OXFORD,Church_05,P-LIVO-STRIDE,1,ori-drs/FAST-LIVO2@f2c9abb72f82359bcb9190e31b8faa6b6b7b9a64:config/oxford_spires.yaml,1d49d420012c8d984cc354a88ee82c8bb59ebd523cc696b504cca8e737e60c7e,860ff168e9b2e89f291e4aeb0d741ce822e18ff2bc6cd57a37f7d58da4a7ddc0,cc3814ad80dc0ee7b2ffb84750e35ba4cb3f1449,P22-Church_05-P-LIVO-STRIDE-r1-retry_cpu_affinity;P22-Church_05-P-LIVO-STRIDE-r2-retry_cpu_affinity;P22-Church_05-P-LIVO-STRIDE-r3-retry_cpu_affinity,3,0.22993333333333332,0.00368178700572909,0.2296,0.2256,0.2346,248.24985053266644,11.982885264238547,241.765377821001,237.93303016899952,265.05114360799877,549.6720697069982,34.879779572376556,531.4247369900033,519.1072658119972,598.4842063189941,310.07,17.106095541258576,300.753,295.394,334.063,8080.0009765625,5.102417294450161,8076.423828125,8076.3623046875,8087.216796875,8080.0009765625,5.102417294450161,8076.423828125,8076.3623046875,8087.216796875,8077.4140625,4.711945804890923,8075.046875,8073.203125,8083.9921875,8077.4140625,4.711945804890923,8075.046875,8073.203125,8083.9921875,3956;3956;3956,0;0;0,3956;3956;3956,3953;3954;3954,VALID_3_REPS
OXFORD,College_03,N-LIO,2,ori-drs/FAST-LIVO2@f2c9abb72f82359bcb9190e31b8faa6b6b7b9a64:config/oxford_spires.yaml,1d49d420012c8d984cc354a88ee82c8bb59ebd523cc696b504cca8e737e60c7e,013beef79fcb75fdd6680d3d107a235e9904afbac1d6cb17e57790c9c8e67420,ea7702b871bff8c6e6c2d5a2bdc3e6d29d670491,P22-College_03-N-LIO-r1-retry_cpu_affinity;P22-College_03-N-LIO-r2-retry_cpu_affinity;P22-College_03-N-LIO-r3-retry_cpu_affinity,3,0.0481,0.0,0.0481,0.0481,0.0481,55.13910578599999,0.3388299088543807,55.26512166199991,54.67572482200004,55.476470874,139.73545169833324,1.2909758025668834,139.8483275399994,138.10092250400047,141.25710505099988,69.01633333333334,1.1341468638976566,69.1718,67.5561,70.3211,578.5071614583334,1.3461448757631962,577.8671875,577.2744140625,580.3798828125,573.3723958333334,2.491410355159003,571.908203125,571.3291015625,576.8798828125,575.2786458333334,1.3187526741020807,574.7421875,574.0,577.09375,570.20703125,2.4614727427194967,568.83203125,568.125,573.6640625,2865;2865;2865,0;0;0,0;0;0,0;0;0,VALID_3_REPS
OXFORD,College_03,P-LIO,2,ori-drs/FAST-LIVO2@f2c9abb72f82359bcb9190e31b8faa6b6b7b9a64:config/oxford_spires.yaml,1d49d420012c8d984cc354a88ee82c8bb59ebd523cc696b504cca8e737e60c7e,013beef79fcb75fdd6680d3d107a235e9904afbac1d6cb17e57790c9c8e67420,cc3814ad80dc0ee7b2ffb84750e35ba4cb3f1449,P22-College_03-P-LIO-r1-retry_cpu_affinity;P22-College_03-P-LIO-r2-retry_cpu_affinity;P22-College_03-P-LIO-r3-retry_cpu_affinity,3,0.0748,0.0,0.0748,0.0748,0.0748,51.55477839100007,0.5212676912309867,51.368613524,51.03013354600007,52.26558810300014,174.37595561133327,2.3809131576574414,173.4242980569998,172.054664062,177.64890471500001,63.17026666666666,0.564864386871358,62.9277,62.6324,63.9507,625.8912760416666,1.8023115245133876,627.12890625,623.3427734375,627.2021484375,621.9866536458334,0.9590968531995475,621.3310546875,621.2861328125,623.3427734375,622.6614583333334,1.790802503260972,623.91796875,620.12890625,623.9375,618.7955729166666,0.9428575935014067,618.140625,618.1171875,620.12890625,2861;2861;2861,0;0;0,0;0;0,0;0;0,VALID_3_REPS
OXFORD,College_03,N-LIVO-STRIDE,2,ori-drs/FAST-LIVO2@f2c9abb72f82359bcb9190e31b8faa6b6b7b9a64:config/oxford_spires.yaml,1d49d420012c8d984cc354a88ee82c8bb59ebd523cc696b504cca8e737e60c7e,860ff168e9b2e89f291e4aeb0d741ce822e18ff2bc6cd57a37f7d58da4a7ddc0,ea7702b871bff8c6e6c2d5a2bdc3e6d29d670491,P22-College_03-N-LIVO-STRIDE-r1-retry_cpu_affinity;P22-College_03-N-LIVO-STRIDE-r2-retry_cpu_affinity;P22-College_03-N-LIVO-STRIDE-r3-retry_cpu_affinity,3,0.07093333333333333,0.0028193773938387347,0.0711,0.0674,0.0743,83.59046370499993,0.7250909720640103,83.41535650699994,82.8030096019998,84.55302500600006,210.76850438766644,1.6572083337759789,210.7030136959989,208.77238492300063,212.8301145439998,124.40133333333333,0.901165664878307,124.472,123.264,125.468,5891.604817708333,22.37091325961248,5896.025390625,5862.2646484375,5916.5244140625,5891.604817708333,22.37091325961248,5896.025390625,5862.2646484375,5916.5244140625,5888.446614583333,22.32842622053543,5892.8125,5859.1796875,5913.34765625,5888.446614583333,22.32842622053543,5892.8125,5859.1796875,5913.34765625,2838;2838;2838,0;0;0,2839;2839;2839,2837;2837;2837,VALID_3_REPS
OXFORD,College_03,P-LIVO-STRIDE,2,ori-drs/FAST-LIVO2@f2c9abb72f82359bcb9190e31b8faa6b6b7b9a64:config/oxford_spires.yaml,1d49d420012c8d984cc354a88ee82c8bb59ebd523cc696b504cca8e737e60c7e,860ff168e9b2e89f291e4aeb0d741ce822e18ff2bc6cd57a37f7d58da4a7ddc0,cc3814ad80dc0ee7b2ffb84750e35ba4cb3f1449,P22-College_03-P-LIVO-STRIDE-r1-retry_cpu_affinity;P22-College_03-P-LIVO-STRIDE-r2-retry_cpu_affinity;P22-College_03-P-LIVO-STRIDE-r3-retry_cpu_affinity,3,0.1825,0.12777566278442856,0.0929,0.0914,0.3632,125.12248130800002,0.16231355499648858,125.15379876700004,124.90988871199977,125.30375644500025,315.24119439366683,1.2176937962428094,314.9482973600006,313.9180083410016,316.85727747999823,167.411,0.3095362122057184,167.541,166.984,167.708,5955.5029296875,14.852337753607445,5948.5830078125,5941.7880859375,5976.1376953125,5955.5029296875,14.852337753607445,5948.5830078125,5941.7880859375,5976.1376953125,5952.3203125,14.873010838966522,5945.328125,5938.63671875,5972.99609375,5952.3203125,14.873010838966522,5945.328125,5938.63671875,5972.99609375,2834;2834;2834,0;0;0,2834;2834;2834,2832;2831;2831,VALID_3_REPS
OXFORD,Palace_01,N-LIO,2,ori-drs/FAST-LIVO2@f2c9abb72f82359bcb9190e31b8faa6b6b7b9a64:config/oxford_spires.yaml,1d49d420012c8d984cc354a88ee82c8bb59ebd523cc696b504cca8e737e60c7e,013beef79fcb75fdd6680d3d107a235e9904afbac1d6cb17e57790c9c8e67420,ea7702b871bff8c6e6c2d5a2bdc3e6d29d670491,P22-Palace_01-N-LIO-r1-retry_cpu_affinity;P22-Palace_01-N-LIO-r2-retry_cpu_affinity;P22-Palace_01-N-LIO-r3-retry_cpu_affinity,3,0.0795,0.0,0.0795,0.0795,0.0795,70.21808171166666,0.4683099833186823,70.38225904800004,69.5803351340001,70.69165095299985,193.28559879866668,2.0245147328071833,194.2076419620001,190.4771600920001,195.1719943419998,85.41656666666667,0.25608354539529443,85.4487,85.0881,85.7129,933.3447265625,0.12290987330053109,933.408203125,933.1728515625,933.453125,927.1279296875,0.13196487714712477,927.181640625,926.9462890625,927.255859375,930.1276041666666,0.13607861050821773,930.14453125,929.953125,930.28515625,923.9739583333334,0.1391097961081961,923.98828125,923.796875,924.13671875,4051;4051;4051,0;0;0,0;0;0,0;0;0,VALID_3_REPS
OXFORD,Palace_01,P-LIO,2,ori-drs/FAST-LIVO2@f2c9abb72f82359bcb9190e31b8faa6b6b7b9a64:config/oxford_spires.yaml,1d49d420012c8d984cc354a88ee82c8bb59ebd523cc696b504cca8e737e60c7e,013beef79fcb75fdd6680d3d107a235e9904afbac1d6cb17e57790c9c8e67420,cc3814ad80dc0ee7b2ffb84750e35ba4cb3f1449,P22-Palace_01-P-LIO-r1-retry_cpu_affinity;P22-Palace_01-P-LIO-r2-retry_cpu_affinity;P22-Palace_01-P-LIO-r3-retry_cpu_affinity,3,0.1272,0.0,0.1272,0.1272,0.1272,64.75943805266658,1.0425278881994322,64.8756874589999,63.42845783799999,65.97416886099982,220.91360455699973,3.7463807494080843,222.02616287499956,215.87126771099997,224.84338308499963,79.13753333333334,1.107130712949273,79.2307,77.7374,80.4445,651.6357421875,0.9961917205701355,651.1728515625,650.71484375,653.01953125,645.3642578125,0.9995430856170647,644.9130859375,644.4296875,646.75,648.3802083333334,1.0000271263681912,648.0,647.390625,649.75,642.1666666666666,0.9995336504821539,641.7890625,641.17578125,643.53515625,4047;4047;4047,0;0;0,0;0;0,0;0;0,VALID_3_REPS
OXFORD,Palace_01,N-LIVO-STRIDE,2,ori-drs/FAST-LIVO2@f2c9abb72f82359bcb9190e31b8faa6b6b7b9a64:config/oxford_spires.yaml,1d49d420012c8d984cc354a88ee82c8bb59ebd523cc696b504cca8e737e60c7e,860ff168e9b2e89f291e4aeb0d741ce822e18ff2bc6cd57a37f7d58da4a7ddc0,ea7702b871bff8c6e6c2d5a2bdc3e6d29d670491,P22-Palace_01-N-LIVO-STRIDE-r1-retry_cpu_affinity;P22-Palace_01-N-LIVO-STRIDE-r2-retry_cpu_affinity;P22-Palace_01-N-LIVO-STRIDE-r3-retry_cpu_affinity,3,0.10313333333333333,0.000895668589502956,0.1035,0.1019,0.104,106.12952650433343,0.38770003535556474,106.32594606799992,105.58799799700027,106.47463544800007,274.01319239666776,0.17760923533473288,273.8991259830035,273.8764236409979,274.26402756600186,162.732,0.5190741758169056,162.989,162.008,163.199,8015.567057291667,21.696155331930804,8022.9228515625,7986.091796875,8037.6865234375,8015.567057291667,21.696155331930804,8022.9228515625,7986.091796875,8037.6865234375,8012.37890625,21.606146618403837,8019.7265625,7983.01953125,8034.390625,8012.37890625,21.606146618403837,8019.7265625,7983.01953125,8034.390625,4018;4018;4018,0;0;0,4019;4019;4019,4017;4017;4017,VALID_3_REPS
OXFORD,Palace_01,P-LIVO-STRIDE,2,ori-drs/FAST-LIVO2@f2c9abb72f82359bcb9190e31b8faa6b6b7b9a64:config/oxford_spires.yaml,1d49d420012c8d984cc354a88ee82c8bb59ebd523cc696b504cca8e737e60c7e,860ff168e9b2e89f291e4aeb0d741ce822e18ff2bc6cd57a37f7d58da4a7ddc0,cc3814ad80dc0ee7b2ffb84750e35ba4cb3f1449,P22-Palace_01-P-LIVO-STRIDE-r1-retry_cpu_affinity;P22-Palace_01-P-LIVO-STRIDE-r2-retry_cpu_affinity;P22-Palace_01-P-LIVO-STRIDE-r3-retry_cpu_affinity,3,0.13076666666666667,0.00024944382578492424,0.1307,0.1305,0.1311,182.70914925233353,0.800112575249833,182.6219602160004,181.77572342600013,183.72976411500008,434.9095050263342,2.0569689696689424,434.9626195739988,432.364105529001,437.4017899760029,240.85533333333333,0.8917422397880623,240.739,239.826,242.001,7871.943684895833,60.59893015101441,7870.30078125,7798.560546875,7946.9697265625,7870.354166666667,60.68365778722359,7865.5322265625,7798.560546875,7946.9697265625,7868.734375,60.59122023565116,7867.1015625,7795.35546875,7943.74609375,7867.158854166667,60.67458744531413,7862.375,7795.35546875,7943.74609375,4014;4014;4014,0;0;0,4014;4014;4014,4012;4012;4011,VALID_3_REPS
OXFORD,Quarter_01,N-LIO,2,ori-drs/FAST-LIVO2@f2c9abb72f82359bcb9190e31b8faa6b6b7b9a64:config/oxford_spires.yaml,1d49d420012c8d984cc354a88ee82c8bb59ebd523cc696b504cca8e737e60c7e,013beef79fcb75fdd6680d3d107a235e9904afbac1d6cb17e57790c9c8e67420,ea7702b871bff8c6e6c2d5a2bdc3e6d29d670491,P22-Quarter_01-N-LIO-r1-retry_cpu_affinity;P22-Quarter_01-N-LIO-r2-retry_cpu_affinity;P22-Quarter_01-N-LIO-r3-retry_cpu_affinity,3,0.0495,0.0,0.0495,0.0495,0.0495,65.69601956000004,0.42080736381133094,65.81307001200007,65.13217992700008,66.14280874099997,170.05846635099982,0.8441935368228481,170.1532118739993,168.98043285200015,171.04175432699998,79.70323333333333,0.545844821253158,79.8377,78.9777,80.2943,1049.33984375,7.642999135876939,1044.83203125,1043.0859375,1060.1015625,1042.732421875,8.810928962217666,1036.82421875,1036.185546875,1055.1875,1046.08984375,7.657617729661085,1041.65625,1039.75,1056.86328125,1039.5455729166667,8.822782152900224,1033.55859375,1033.05859375,1052.01953125,2893;2893;2893,0;0;0,0;0;0,0;0;0,VALID_3_REPS
OXFORD,Quarter_01,P-LIO,2,ori-drs/FAST-LIVO2@f2c9abb72f82359bcb9190e31b8faa6b6b7b9a64:config/oxford_spires.yaml,1d49d420012c8d984cc354a88ee82c8bb59ebd523cc696b504cca8e737e60c7e,013beef79fcb75fdd6680d3d107a235e9904afbac1d6cb17e57790c9c8e67420,cc3814ad80dc0ee7b2ffb84750e35ba4cb3f1449,P22-Quarter_01-P-LIO-r1-retry_cpu_affinity;P22-Quarter_01-P-LIO-r2-retry_cpu_affinity;P22-Quarter_01-P-LIO-r3-retry_cpu_affinity,3,0.051,0.0,0.051,0.051,0.051,59.23451305999999,0.2670353022844063,59.389697412999865,58.85875961600007,59.45508215100003,202.44685071066704,1.0288200131012846,203.08826936600022,200.99514955700013,203.25713320900076,71.3236,0.2942755284876152,71.5007,70.9089,71.5612,521.2171223958334,0.08869830469123875,521.189453125,521.125,521.3369140625,515.0927734375,0.0868463716974879,515.08203125,514.9921875,515.2041015625,517.96484375,0.09773434377497503,518.015625,517.828125,518.05078125,511.9036458333333,0.09842578744252217,511.95703125,511.765625,511.98828125,2889;2889;2889,0;0;0,0;0;0,0;0;0,VALID_3_REPS
OXFORD,Quarter_01,N-LIVO-STRIDE,2,ori-drs/FAST-LIVO2@f2c9abb72f82359bcb9190e31b8faa6b6b7b9a64:config/oxford_spires.yaml,1d49d420012c8d984cc354a88ee82c8bb59ebd523cc696b504cca8e737e60c7e,860ff168e9b2e89f291e4aeb0d741ce822e18ff2bc6cd57a37f7d58da4a7ddc0,ea7702b871bff8c6e6c2d5a2bdc3e6d29d670491,P22-Quarter_01-N-LIVO-STRIDE-r1-retry_cpu_affinity;P22-Quarter_01-N-LIVO-STRIDE-r2-retry_cpu_affinity;P22-Quarter_01-N-LIVO-STRIDE-r3-retry_cpu_affinity,3,0.0472,0.0002943920288775947,0.0473,0.0468,0.0475,94.5898173593333,2.6953630797332937,92.98806724700023,92.39515062299971,98.38623420799993,237.46995895166626,7.211068806027761,234.36916529699832,230.6067906000004,247.43392095800004,137.217,4.088430098053126,134.762,133.911,142.978,5985.654947916667,29.97698140613169,5979.1240234375,5952.64453125,6025.1962890625,5985.654947916667,29.97698140613169,5979.1240234375,5952.64453125,6025.1962890625,5982.45703125,29.993344903918114,5975.859375,5949.46875,6022.04296875,5982.45703125,29.993344903918114,5975.859375,5949.46875,6022.04296875,2870;2870;2870,0;0;0,2871;2871;2871,2869;2869;2869,VALID_3_REPS
OXFORD,Quarter_01,P-LIVO-STRIDE,2,ori-drs/FAST-LIVO2@f2c9abb72f82359bcb9190e31b8faa6b6b7b9a64:config/oxford_spires.yaml,1d49d420012c8d984cc354a88ee82c8bb59ebd523cc696b504cca8e737e60c7e,860ff168e9b2e89f291e4aeb0d741ce822e18ff2bc6cd57a37f7d58da4a7ddc0,cc3814ad80dc0ee7b2ffb84750e35ba4cb3f1449,P22-Quarter_01-P-LIVO-STRIDE-r1-retry_cpu_affinity;P22-Quarter_01-P-LIVO-STRIDE-r2-retry_cpu_affinity;P22-Quarter_01-P-LIVO-STRIDE-r3-retry_cpu_affinity,3,0.06493333333333333,0.0014522013940527962,0.0657,0.0629,0.0662,130.62616655366676,0.5839609989145331,130.89599176000027,129.81530170300007,131.16720619799992,339.65249310233406,1.8795807675048306,340.90217574200085,336.99591465200183,341.0593889129995,174.414,0.6326362830779285,174.208,173.763,175.271,6053.343424479167,33.49781052312636,6074.31640625,6006.0703125,6079.6435546875,6052.778971354167,33.061308853944645,6074.31640625,6006.0703125,6077.9501953125,6050.66015625,32.74064972553034,6071.0859375,6004.4609375,6076.43359375,6050.111979166667,32.31554308822312,6071.0859375,6004.4609375,6074.7890625,2866;2866;2866,0;0;0,2866;2866;2866,2864;2864;2864,VALID_3_REPS
